"Year and week of notification"	"Age stratification: 5 year intervals"
""	"A00..04"	"A05..09"	"A10..14"	"A15..19"	"A20..24"	"A25..29"	"A30..34"	"A35..39"	"A40..44"	"A45..49"	"A50..54"	"A55..59"	"A60..64"	"A65..69"	"A70..74"	"A75..79"	"A80+"	"Unknown"
"2001-w01"	"1"	""	""	""	""	""	"1"	""	"1"	""	"1"	"1"	""	""	""	""	"1"	""
"2001-w02"	"2"	"1"	""	"1"	""	"1"	""	""	"1"	""	""	""	"2"	""	""	""	"2"	""
"2001-w03"	"5"	"2"	"3"	""	""	"2"	"1"	"1"	""	"1"	"2"	"1"	"2"	""	""	"2"	"2"	""
"2001-w04"	"2"	"11"	""	""	"1"	""	"1"	""	""	"1"	""	"1"	""	"2"	""	""	"4"	""
"2001-w05"	"17"	"5"	""	""	"1"	""	"1"	""	"1"	""	"2"	""	""	""	"1"	"1"	""	""
"2001-w06"	"11"	""	"1"	""	""	""	""	""	"1"	""	"1"	"1"	"4"	"1"	"6"	"4"	"3"	""
"2001-w07"	"7"	""	"1"	"1"	""	"1"	""	""	""	"1"	""	"2"	"2"	"1"	"2"	""	"6"	""
"2001-w08"	"8"	"2"	"2"	"4"	"3"	""	"1"	"1"	""	""	"2"	"2"	""	"1"	"1"	"1"	"2"	""
"2001-w09"	"9"	"2"	"2"	"1"	"1"	"2"	"1"	""	"1"	"1"	"2"	""	""	"1"	"4"	"1"	"4"	""
"2001-w10"	"19"	"3"	"11"	""	""	"1"	"1"	""	""	""	"3"	""	"5"	"1"	"2"	"2"	"6"	""
"2001-w11"	"6"	""	"1"	""	"2"	""	"1"	"2"	""	"3"	"1"	""	"2"	"3"	"1"	"2"	"5"	""
"2001-w12"	"23"	"1"	"2"	"1"	"2"	"2"	"4"	"3"	""	"3"	""	""	"2"	""	"3"	"7"	"4"	""
"2001-w13"	"14"	"7"	"8"	"6"	"3"	""	""	"2"	"1"	"1"	"3"	"2"	"1"	"4"	""	"1"	"5"	""
"2001-w14"	"10"	"1"	""	""	"1"	"1"	""	"1"	"3"	"2"	""	""	"2"	""	"3"	"3"	"7"	""
"2001-w15"	"5"	"2"	"1"	"1"	"2"	""	"1"	"1"	""	""	""	"1"	"1"	""	"1"	""	"2"	""
"2001-w16"	"6"	"3"	"1"	""	"1"	""	""	"1"	"1"	"2"	"3"	"1"	"1"	""	"1"	"1"	"5"	""
"2001-w17"	"6"	"3"	""	""	"1"	"2"	""	""	"5"	"2"	"2"	"1"	""	"1"	""	""	"8"	""
"2001-w18"	"8"	""	"2"	""	"2"	"3"	"5"	"1"	""	"1"	"1"	""	"2"	"1"	"1"	""	""	""
"2001-w19"	"5"	""	""	"2"	"2"	"2"	"3"	"1"	"2"	"2"	"4"	"1"	""	""	"3"	"1"	""	""
"2001-w20"	"2"	"1"	"7"	""	"2"	""	"1"	"1"	""	""	""	"1"	""	""	""	""	"1"	""
"2001-w21"	"5"	"1"	""	""	""	""	""	""	""	"1"	""	""	""	""	""	""	""	""
"2001-w22"	"2"	"2"	""	"1"	""	"1"	""	"1"	""	"2"	"1"	""	""	""	""	""	""	""
"2001-w23"	""	"1"	"2"	""	""	"1"	""	""	""	""	""	""	""	""	""	""	""	""
"2001-w24"	"2"	""	"1"	""	""	""	""	""	""	"1"	"1"	""	"1"	""	""	""	""	""
"2001-w25"	"1"	"1"	""	"2"	""	""	""	"1"	""	"1"	"2"	"1"	""	""	""	""	"1"	""
"2001-w26"	"1"	""	""	""	""	""	""	""	"2"	"1"	""	""	"2"	""	""	""	"1"	""
"2001-w27"	"5"	"1"	"1"	""	""	""	"1"	"2"	""	""	""	""	""	"1"	""	"1"	""	""
"2001-w28"	"2"	""	""	""	""	""	""	""	""	""	""	""	""	""	""	""	""	""
"2001-w29"	""	""	"1"	""	""	""	"1"	""	""	""	""	"1"	"1"	""	""	""	""	""
"2001-w30"	""	"8"	""	""	""	""	""	""	"1"	"1"	""	""	""	"1"	""	""	""	""
"2001-w31"	""	""	""	""	""	"1"	""	""	""	""	"1"	"1"	""	"1"	"1"	""	"1"	""
"2001-w32"	"1"	""	"1"	"3"	""	""	""	"1"	""	""	""	"1"	""	""	""	""	""	""
"2001-w33"	""	""	"4"	"3"	""	""	""	""	""	""	""	""	""	"1"	"1"	""	""	""
"2001-w34"	"1"	"1"	""	"1"	""	""	""	""	""	""	"1"	""	""	"1"	""	""	""	""
"2001-w35"	"1"	""	"3"	""	""	""	""	""	""	""	""	""	""	""	""	""	""	""
"2001-w36"	"1"	""	"2"	""	""	""	""	""	""	""	"1"	""	""	"1"	"2"	""	"1"	""
"2001-w37"	""	""	""	""	""	""	"1"	""	""	""	""	""	""	""	""	""	"1"	""
"2001-w38"	"1"	"3"	""	""	""	""	""	""	""	"1"	""	""	""	""	""	""	"1"	""
"2001-w39"	"13"	"17"	"5"	""	""	""	""	""	""	""	""	""	""	""	""	"1"	""	""
"2001-w40"	"4"	"1"	""	""	"2"	""	""	""	"2"	"1"	""	""	""	"1"	"2"	""	""	""
"2001-w41"	"4"	"3"	""	""	""	"1"	""	""	""	""	""	"1"	""	""	""	""	"1"	""
"2001-w42"	"5"	""	""	"1"	""	""	""	""	""	""	""	""	"1"	""	""	""	""	""
"2001-w43"	"7"	"1"	""	""	"1"	""	"1"	""	""	""	""	""	""	""	"1"	""	""	""
"2001-w44"	"6"	"2"	"1"	""	""	""	""	""	""	""	""	""	""	""	"1"	"1"	""	""
"2001-w45"	"4"	"2"	""	"3"	"1"	""	""	""	""	""	"1"	""	""	"1"	""	""	"1"	""
"2001-w46"	"5"	"2"	""	""	""	""	""	""	""	"1"	""	""	""	"1"	"3"	""	"1"	""
"2001-w47"	"3"	"1"	"1"	"2"	"2"	""	""	""	""	"1"	""	""	"1"	"2"	"1"	"1"	"1"	""
"2001-w48"	"8"	"2"	"3"	"3"	""	""	"1"	""	""	""	""	"1"	""	""	"1"	"1"	""	""
"2001-w49"	"3"	"3"	""	"19"	"3"	""	""	""	""	"1"	""	""	"1"	"2"	"1"	"2"	"3"	""
"2001-w50"	"4"	"3"	"1"	"3"	""	""	""	""	""	""	""	""	""	"1"	"1"	""	""	""
"2001-w51"	"10"	"13"	"11"	"2"	""	""	""	"1"	"1"	""	""	"1"	""	""	""	"1"	"3"	""
"2001-w52"	"6"	"4"	""	"3"	"1"	""	"2"	"1"	""	"1"	""	""	"1"	"1"	"1"	""	"1"	""
"2002-w01"	"8"	"2"	"2"	"1"	"1"	""	""	"1"	""	""	""	""	"3"	""	"4"	"1"	"4"	""
"2002-w02"	"9"	"2"	""	"1"	"1"	"1"	""	"1"	""	"1"	"2"	"3"	""	"2"	"5"	"2"	"5"	""
"2002-w03"	"15"	"3"	"2"	"6"	""	"1"	"2"	"3"	""	""	""	"1"	"1"	"1"	""	"2"	""	""
"2002-w04"	"20"	"5"	"4"	"2"	"1"	"2"	"1"	"1"	""	"2"	"1"	"1"	"2"	"2"	"2"	"3"	"6"	"1"
"2002-w05"	"13"	"3"	"2"	"1"	"1"	"1"	"2"	"2"	"1"	"4"	"1"	"1"	""	"2"	"5"	"4"	"6"	""
"2002-w06"	"31"	"10"	"11"	"4"	"8"	"3"	"2"	"1"	"3"	"2"	"1"	"2"	"4"	"4"	"2"	"4"	"5"	""
"2002-w07"	"42"	"5"	"1"	"1"	"11"	"2"	""	"1"	"2"	"1"	"4"	"4"	""	"1"	"4"	"3"	"4"	"1"
"2002-w08"	"34"	"8"	"17"	"2"	"4"	"1"	"1"	""	"2"	"1"	"1"	"1"	"1"	"2"	""	"2"	""	""
"2002-w09"	"26"	"5"	""	""	"2"	""	""	"4"	"4"	"3"	"3"	"4"	"1"	"4"	"2"	""	"3"	""
"2002-w10"	"15"	"5"	"8"	"1"	"5"	"2"	""	"6"	"3"	"1"	"3"	"3"	"1"	"1"	"2"	""	"11"	""
"2002-w11"	"13"	"4"	"4"	"2"	"2"	"2"	"3"	"3"	"5"	"2"	"2"	"4"	"2"	"2"	"4"	"5"	"16"	"2"
"2002-w12"	"15"	"10"	"2"	""	"1"	"3"	"3"	"3"	"2"	"3"	""	"1"	"1"	"3"	"2"	"2"	"8"	""
"2002-w13"	"14"	"14"	"3"	"2"	"1"	""	"2"	"3"	"1"	"2"	"2"	"2"	"1"	"4"	""	"1"	"4"	"1"
"2002-w14"	"16"	"5"	"4"	"4"	""	""	"1"	""	""	"1"	""	"1"	""	""	""	""	""	"1"
"2002-w15"	"18"	""	""	""	"3"	""	"2"	"1"	"2"	"1"	""	""	""	""	"2"	""	"7"	""
"2002-w16"	"21"	""	""	""	""	""	"2"	""	"4"	"3"	""	"1"	"5"	"2"	""	"7"	"13"	""
"2002-w17"	"14"	"5"	"7"	"2"	"2"	""	""	"1"	"1"	"1"	"4"	""	"1"	"4"	"3"	"4"	"4"	""
"2002-w18"	"7"	"3"	"4"	"2"	""	"2"	"2"	"1"	"2"	""	"1"	"2"	"1"	"1"	"2"	"2"	"5"	""
"2002-w19"	"4"	"2"	"6"	"2"	"1"	""	""	"1"	""	"3"	"1"	"2"	"3"	"2"	"2"	"4"	"3"	""
"2002-w20"	"8"	"3"	"3"	""	"1"	""	"1"	"3"	"3"	""	"4"	""	"4"	""	"2"	"2"	"3"	""
"2002-w21"	"9"	"1"	"1"	"1"	"2"	"2"	"1"	"3"	"2"	"2"	"2"	"3"	"1"	"4"	"1"	""	"2"	""
"2002-w22"	"3"	"1"	"1"	"1"	"3"	"1"	"2"	"4"	""	""	"1"	""	"2"	"1"	"3"	""	"4"	""
"2002-w23"	"6"	"2"	""	"1"	"1"	"1"	"2"	"1"	"3"	"3"	"1"	""	"2"	"3"	""	"1"	"5"	""
"2002-w24"	"16"	"7"	"1"	"1"	""	""	"1"	"2"	"1"	"1"	""	"1"	""	"3"	"3"	"1"	"4"	""
"2002-w25"	"13"	"10"	"5"	"2"	"8"	"1"	"3"	"3"	"4"	"1"	"1"	"1"	""	""	"1"	"2"	"5"	"1"
"2002-w26"	"3"	"3"	"1"	""	""	"1"	"2"	""	"1"	"1"	"1"	""	""	"2"	"2"	""	""	"1"
"2002-w27"	"4"	"5"	"7"	""	""	""	"2"	"1"	""	"1"	"1"	"1"	""	"1"	""	"1"	""	""
"2002-w28"	"12"	"11"	"1"	"9"	"1"	"1"	"1"	""	"1"	""	""	""	"1"	"2"	"2"	""	"2"	""
"2002-w29"	"10"	""	""	""	"1"	""	"1"	"1"	"1"	"1"	""	"1"	"1"	"2"	""	""	"4"	""
"2002-w30"	"9"	"1"	"3"	""	"8"	"5"	""	"5"	""	""	"2"	""	"1"	""	"2"	""	"3"	""
"2002-w31"	"9"	"2"	"1"	""	""	""	"1"	""	"3"	""	"1"	""	""	"3"	"4"	"1"	"4"	""
"2002-w32"	"6"	""	""	"3"	"1"	"2"	"5"	"2"	"1"	""	"1"	"1"	"1"	"1"	"1"	"2"	"2"	""
"2002-w33"	"10"	""	"1"	"2"	"2"	""	""	"1"	"2"	"1"	"1"	""	"1"	"1"	"3"	"1"	""	""
"2002-w34"	"16"	"7"	"1"	""	"2"	"1"	""	""	"1"	""	""	""	""	""	"1"	""	""	""
"2002-w35"	"8"	"4"	"3"	"2"	"1"	"3"	"1"	"1"	"2"	"3"	"1"	""	""	"1"	"1"	""	"4"	""
"2002-w36"	"6"	"2"	""	"1"	""	""	"1"	"1"	""	""	""	""	"1"	"1"	"4"	"3"	"1"	""
"2002-w37"	"7"	"1"	""	""	""	""	""	""	"1"	"2"	""	""	"1"	"1"	""	"2"	""	""
"2002-w38"	"8"	"2"	""	""	"2"	""	"1"	"1"	""	""	""	""	"1"	""	"1"	"1"	"1"	""
"2002-w39"	"17"	"2"	""	""	""	"1"	"1"	"2"	"6"	"1"	""	""	"1"	"2"	"2"	"1"	"2"	""
"2002-w40"	"4"	"2"	"1"	"1"	"1"	""	"1"	"3"	""	"2"	"1"	"1"	"6"	"3"	"1"	"1"	"2"	""
"2002-w41"	"24"	"3"	""	"1"	"2"	"2"	"1"	"1"	"1"	"1"	""	"2"	"4"	"2"	"2"	"6"	"12"	""
"2002-w42"	"21"	"6"	"3"	"1"	"4"	"4"	"1"	"2"	"6"	"4"	"4"	"1"	"3"	"6"	"5"	"11"	"14"	""
"2002-w43"	"18"	"4"	""	"3"	"1"	"3"	"1"	""	"2"	"2"	"3"	"4"	""	"2"	"4"	"8"	"12"	""
"2002-w44"	"37"	"8"	"1"	"1"	"5"	"1"	"1"	"1"	"2"	"1"	"1"	"3"	"1"	"7"	"4"	"5"	"16"	""
"2002-w45"	"71"	"16"	"11"	"4"	"9"	"5"	"3"	"4"	"4"	"10"	"4"	"3"	"6"	"4"	"8"	"13"	"28"	""
"2002-w46"	"47"	"9"	"6"	"8"	"10"	"4"	"10"	"8"	"3"	"10"	"5"	"9"	"13"	"11"	"9"	"15"	"34"	"1"
"2002-w47"	"34"	"6"	"5"	"3"	"8"	"3"	"8"	"6"	"4"	"6"	"9"	"3"	"16"	"16"	"13"	"18"	"38"	"1"
"2002-w48"	"59"	"4"	"7"	"4"	"9"	"8"	"4"	"10"	"5"	"12"	"9"	"13"	"19"	"19"	"20"	"21"	"45"	""
"2002-w49"	"64"	"16"	"9"	"9"	"4"	"8"	"8"	"10"	"6"	"10"	"9"	"10"	"18"	"16"	"29"	"13"	"43"	""
"2002-w50"	"60"	"13"	"5"	"6"	"8"	"3"	"12"	"8"	"6"	"8"	"10"	"7"	"21"	"27"	"20"	"25"	"61"	"1"
"2002-w51"	"49"	"6"	""	"13"	"14"	"3"	"5"	"7"	"10"	"5"	"12"	"16"	"19"	"25"	"20"	"27"	"81"	""
"2002-w52"	"26"	"2"	"7"	"3"	"6"	"5"	"9"	"8"	"8"	"7"	"2"	"9"	"12"	"10"	"14"	"16"	"23"	""
"2003-w01"	"26"	"1"	"1"	"5"	"3"	"2"	"4"	"5"	"5"	"3"	"5"	"6"	"16"	"17"	"15"	"14"	"34"	""
"2003-w02"	"27"	"3"	"3"	"5"	"7"	"4"	"4"	"1"	"1"	"7"	"6"	"7"	"13"	"14"	"21"	"20"	"48"	""
"2003-w03"	"31"	"7"	"6"	"6"	"10"	"6"	"2"	"9"	"6"	"11"	"18"	"9"	"19"	"19"	"20"	"31"	"35"	""
"2003-w04"	"48"	"12"	"3"	"9"	"8"	"3"	"8"	"4"	"9"	"10"	"4"	"10"	"23"	"19"	"14"	"23"	"42"	""
"2003-w05"	"39"	"8"	"3"	"6"	"6"	"4"	"6"	"8"	"7"	"7"	"15"	"14"	"12"	"25"	"27"	"29"	"48"	""
"2003-w06"	"42"	"5"	"4"	"5"	"7"	"4"	"7"	"8"	"6"	"6"	"7"	"10"	"16"	"18"	"24"	"26"	"45"	""
"2003-w07"	"36"	"7"	"3"	"1"	"6"	"3"	"7"	"6"	"7"	"8"	"6"	"4"	"17"	"9"	"13"	"15"	"35"	""
"2003-w08"	"41"	"7"	"3"	"7"	"5"	"3"	"3"	"9"	"7"	"7"	"9"	"7"	"13"	"13"	"13"	"20"	"26"	""
"2003-w09"	"58"	"8"	"4"	"7"	"3"	"5"	"4"	"9"	"4"	"8"	"14"	"4"	"14"	"21"	"16"	"20"	"23"	"1"
"2003-w10"	"51"	"11"	"4"	"6"	"6"	"6"	"4"	"10"	"14"	"9"	"4"	"10"	"6"	"20"	"19"	"13"	"24"	"1"
"2003-w11"	"47"	"10"	"8"	"4"	"5"	"5"	"7"	"3"	"3"	"6"	"3"	"4"	"5"	"19"	"9"	"14"	"27"	"1"
"2003-w12"	"56"	"14"	"12"	"5"	"9"	"4"	"7"	"5"	"11"	"6"	"2"	"4"	"12"	"12"	"9"	"20"	"22"	""
"2003-w13"	"59"	"7"	"2"	"3"	"13"	"7"	"4"	"8"	"5"	"5"	"6"	"2"	"14"	"15"	"22"	"11"	"23"	""
"2003-w14"	"58"	"13"	"7"	"6"	"8"	"3"	"7"	"11"	"11"	"6"	"9"	"5"	"11"	"9"	"16"	"10"	"16"	""
"2003-w15"	"63"	"8"	"9"	"8"	"7"	"4"	"7"	"2"	"9"	"3"	"6"	"10"	"17"	"11"	"7"	"7"	"12"	""
"2003-w16"	"69"	"5"	"11"	"5"	"5"	"5"	"5"	"5"	"5"	"10"	"7"	"2"	"9"	"7"	"13"	"9"	"14"	""
"2003-w17"	"44"	"8"	"7"	"6"	"3"	"2"	"4"	"10"	"7"	"4"	"7"	"4"	"5"	"10"	"8"	"19"	"11"	""
"2003-w18"	"65"	"8"	"10"	"5"	"6"	"6"	"4"	"3"	"10"	"2"	"4"	"4"	"7"	"9"	"10"	"10"	"15"	""
"2003-w19"	"56"	"15"	"18"	"5"	"10"	"1"	"11"	"8"	"3"	"7"	"2"	"9"	"12"	"11"	"7"	"11"	"17"	""
"2003-w20"	"69"	"12"	"11"	"7"	"4"	"3"	"4"	"8"	"12"	"7"	"3"	"5"	"6"	"12"	"10"	"6"	"9"	""
"2003-w21"	"57"	"6"	"16"	"11"	"4"	"4"	"5"	"8"	"6"	"5"	"4"	"5"	"5"	"10"	"6"	"8"	"9"	""
"2003-w22"	"35"	"6"	"10"	"4"	"5"	"6"	"3"	"2"	"5"	"4"	"4"	"3"	"1"	"4"	"3"	"5"	"8"	""
"2003-w23"	"50"	"4"	"7"	"8"	"3"	"1"	"4"	"6"	"5"	"2"	"3"	"1"	"4"	"4"	"9"	"7"	"6"	""
"2003-w24"	"30"	"9"	"5"	"10"	"1"	"1"	"1"	"5"	"3"	"1"	"5"	"3"	"6"	"2"	"5"	"7"	"3"	""
"2003-w25"	"29"	"3"	"8"	"7"	"6"	"3"	"5"	"9"	"2"	"3"	"5"	"3"	"3"	"4"	"4"	"6"	"6"	""
"2003-w26"	"40"	"8"	"9"	"2"	"5"	""	"3"	"5"	"6"	"3"	"2"	"4"	"5"	"9"	"3"	"4"	"5"	""
"2003-w27"	"33"	"10"	"5"	"7"	"1"	"2"	"6"	"1"	"4"	"3"	"4"	"5"	"8"	"2"	"8"	"3"	"4"	""
"2003-w28"	"25"	"11"	"6"	"4"	"5"	"4"	"6"	"3"	"4"	"5"	"4"	"6"	"7"	"3"	"4"	""	"12"	""
"2003-w29"	"39"	"6"	"2"	"4"	"4"	"3"	"5"	"3"	"2"	"4"	"3"	"1"	"3"	"8"	"8"	"6"	"7"	""
"2003-w30"	"30"	"12"	"5"	"4"	"5"	"5"	"2"	"4"	"8"	"6"	"2"	"1"	"1"	"12"	"2"	"5"	"6"	""
"2003-w31"	"28"	"5"	"5"	"5"	"4"	"6"	"3"	"3"	"5"	"7"	"9"	"4"	"4"	"4"	"5"	"6"	"4"	""
"2003-w32"	"24"	"10"	"9"	"3"	"3"	"3"	"1"	"2"	"1"	"5"	"3"	"1"	"6"	"4"	"4"	"3"	"3"	""
"2003-w33"	"25"	"11"	"5"	"5"	"5"	"1"	"1"	"2"	"7"	""	""	"3"	"4"	"2"	"3"	"3"	""	""
"2003-w34"	"30"	"10"	"1"	"4"	"6"	""	"5"	"2"	"3"	"4"	"3"	"1"	"5"	"3"	"5"	"4"	"5"	""
"2003-w35"	"21"	"8"	"5"	"2"	"4"	"5"	"1"	"2"	"2"	"6"	"1"	"1"	"3"	"3"	"1"	"8"	"7"	""
"2003-w36"	"28"	"3"	"4"	"4"	"2"	""	"4"	"3"	"4"	"1"	"2"	"3"	"5"	"2"	"1"	"1"	"2"	""
"2003-w37"	"26"	"14"	"3"	"4"	"2"	"5"	"3"	"2"	"3"	"4"	"1"	"1"	"2"	"1"	"3"	"1"	"2"	""
"2003-w38"	"29"	"6"	"2"	"3"	"4"	""	""	"1"	"3"	"3"	"3"	""	"3"	"2"	"2"	"1"	"2"	""
"2003-w39"	"30"	"3"	"1"	"4"	"2"	"2"	"3"	"5"	"2"	"2"	"1"	"1"	"4"	"1"	"2"	"2"	"4"	""
"2003-w40"	"13"	"2"	"4"	"7"	""	""	"1"	"1"	"3"	"2"	"1"	"1"	"1"	"4"	"2"	"2"	"4"	""
"2003-w41"	"18"	"5"	"3"	"2"	"1"	"3"	"3"	"1"	"2"	"1"	""	"1"	"2"	"3"	"3"	"3"	"3"	""
"2003-w42"	"21"	"2"	"3"	"4"	"3"	"5"	"1"	"3"	"1"	"2"	"2"	"1"	"4"	"2"	"3"	"4"	"3"	""
"2003-w43"	"21"	"4"	"2"	"2"	"2"	"2"	"3"	"5"	"3"	"2"	"1"	"4"	"5"	"1"	"3"	"3"	"3"	""
"2003-w44"	"21"	"5"	"4"	"1"	""	"2"	"3"	"2"	""	"3"	"5"	"3"	"4"	"3"	"2"	"2"	"4"	"2"
"2003-w45"	"31"	"6"	"2"	"2"	"3"	""	"4"	"3"	"4"	"4"	"5"	"1"	"1"	"4"	"3"	"4"	"4"	""
"2003-w46"	"30"	"5"	"3"	"7"	"2"	"4"	"3"	"6"	"5"	"4"	"7"	"2"	"2"	"4"	"2"	"2"	"5"	""
"2003-w47"	"44"	"12"	"4"	"4"	"3"	"1"	""	"2"	"3"	"3"	"1"	"5"	"1"	"3"	""	"4"	"4"	""
"2003-w48"	"23"	"5"	""	"5"	"5"	"1"	"3"	"5"	"1"	"1"	"3"	"2"	"2"	"2"	"5"	"1"	"1"	""
"2003-w49"	"39"	"10"	"5"	"3"	"4"	"1"	"3"	"5"	"4"	"3"	"1"	"1"	"2"	"2"	"1"	"1"	"4"	""
"2003-w50"	"37"	"13"	"1"	"3"	"4"	""	"3"	"2"	"2"	"2"	"2"	""	"2"	"1"	"3"	"1"	"1"	""
"2003-w51"	"32"	"11"	"7"	"4"	"1"	"4"	"3"	"2"	"5"	"4"	"5"	"2"	"3"	"8"	"4"	"3"	"3"	""
"2003-w52"	"11"	"5"	""	"2"	"2"	"3"	"2"	"2"	""	"1"	"1"	""	"3"	"1"	""	"3"	"2"	""
"2004-w01"	"9"	"3"	"1"	""	"1"	""	"2"	"1"	""	""	"2"	""	"4"	"1"	"2"	""	"1"	""
"2004-w02"	"17"	"5"	"1"	"2"	""	"4"	"2"	"2"	"4"	"5"	"3"	"2"	"4"	"6"	"7"	"7"	"10"	""
"2004-w03"	"27"	"10"	"4"	"3"	"8"	"4"	"2"	"3"	"5"	""	"2"	"4"	"8"	"13"	"8"	"6"	"11"	""
"2004-w04"	"32"	"15"	"6"	"2"	"6"	"6"	"4"	"8"	"8"	"3"	"3"	"5"	"7"	"5"	"7"	"12"	"9"	""
"2004-w05"	"63"	"19"	"7"	"8"	"4"	"4"	"7"	"5"	"7"	"10"	"4"	"6"	"10"	"5"	"8"	"4"	"14"	""
"2004-w06"	"47"	"16"	"10"	"8"	"15"	"4"	"5"	"10"	"6"	"8"	"9"	"8"	"8"	"10"	"8"	"7"	"14"	""
"2004-w07"	"66"	"18"	"8"	"5"	"5"	"5"	"8"	"9"	"12"	"8"	"12"	"10"	"11"	"11"	"10"	"15"	"15"	""
"2004-w08"	"47"	"15"	"8"	"10"	"12"	"5"	"3"	"9"	"9"	"7"	"11"	"8"	"13"	"9"	"7"	"14"	"20"	""
"2004-w09"	"73"	"24"	"9"	"9"	"5"	"5"	"6"	"9"	"7"	"2"	"4"	"3"	"9"	"9"	"8"	"10"	"22"	""
"2004-w10"	"79"	"27"	"19"	"5"	"8"	"9"	"5"	"11"	"8"	"7"	"6"	"7"	"9"	"11"	"8"	"9"	"21"	""
"2004-w11"	"85"	"37"	"12"	"9"	"6"	"10"	"9"	"8"	"12"	"13"	"15"	"9"	"11"	"21"	"26"	"11"	"24"	""
"2004-w12"	"88"	"19"	"16"	"13"	"2"	"6"	"8"	"6"	"9"	"12"	"20"	"12"	"9"	"7"	"12"	"13"	"16"	""
"2004-w13"	"93"	"24"	"12"	"12"	"6"	"8"	"9"	"9"	"17"	"11"	"10"	"10"	"18"	"20"	"18"	"14"	"24"	""
"2004-w14"	"76"	"12"	"9"	"9"	"11"	"5"	"18"	"9"	"9"	"12"	"9"	"7"	"18"	"13"	"8"	"11"	"26"	""
"2004-w15"	"45"	"18"	"12"	"6"	"6"	"4"	"6"	"6"	"5"	"4"	"6"	"2"	"12"	"10"	"9"	"9"	"16"	"1"
"2004-w16"	"58"	"10"	"6"	"5"	"8"	"2"	"12"	"5"	"7"	"3"	"7"	"8"	"7"	"8"	"8"	"3"	"8"	""
"2004-w17"	"62"	"6"	"10"	"6"	"9"	"1"	"1"	"6"	"6"	"5"	"9"	"2"	"6"	"8"	"5"	"7"	"9"	""
"2004-w18"	"56"	"23"	"7"	"6"	"3"	"2"	"6"	"6"	"6"	"5"	"1"	"7"	"6"	"16"	"3"	"5"	"21"	"1"
"2004-w19"	"53"	"14"	"11"	"9"	"6"	"5"	"5"	"1"	"10"	"11"	"1"	"6"	"7"	"7"	"6"	"7"	"9"	""
"2004-w20"	"50"	"14"	"4"	"7"	"3"	"3"	"5"	"10"	"7"	"4"	"8"	"5"	"9"	"14"	"4"	"7"	"12"	""
"2004-w21"	"36"	"7"	"6"	"6"	"4"	"3"	"3"	"4"	"5"	"3"	"1"	"3"	"3"	"5"	"4"	"4"	"4"	""
"2004-w22"	"52"	"11"	"5"	"6"	"6"	"4"	"4"	"5"	"1"	"7"	"3"	"2"	"4"	"4"	"5"	"5"	"10"	""
"2004-w23"	"43"	"4"	"7"	"5"	"3"	"4"	"4"	"1"	"5"	"1"	"5"	"1"	"5"	"7"	"7"	"7"	"3"	""
"2004-w24"	"48"	"15"	"8"	"9"	"4"	"2"	"4"	"6"	"4"	"7"	"5"	"2"	"3"	"7"	"6"	"3"	"5"	""
"2004-w25"	"51"	"15"	"6"	"8"	"21"	"3"	"5"	"9"	"3"	"6"	"3"	"3"	"4"	"3"	"2"	"9"	"2"	""
"2004-w26"	"38"	"10"	"11"	"8"	"6"	"2"	"4"	"11"	"7"	"1"	"8"	"6"	"4"	"7"	"5"	"2"	"4"	""
"2004-w27"	"27"	"6"	"7"	"7"	"21"	"3"	""	"7"	"7"	"5"	"5"	"7"	"4"	"5"	"11"	"3"	"9"	""
"2004-w28"	"46"	"10"	"4"	"6"	"7"	"4"	"3"	"11"	"3"	"3"	"7"	"3"	"8"	"5"	"8"	"7"	"6"	""
"2004-w29"	"27"	"14"	"4"	"5"	"3"	"5"	"5"	"10"	"5"	"6"	"6"	"5"	"3"	"8"	"7"	"5"	"7"	""
"2004-w30"	"36"	"6"	"7"	"2"	"4"	"6"	"4"	"7"	"4"	"5"	"6"	"2"	"2"	"5"	"6"	"7"	"9"	""
"2004-w31"	"43"	"12"	"7"	"9"	"5"	"7"	"9"	"2"	"5"	"6"	"5"	"2"	"8"	"8"	"8"	"8"	"8"	"2"
"2004-w32"	"49"	"9"	"8"	"3"	"13"	"5"	"5"	"5"	"5"	"4"	"8"	"8"	"8"	"11"	"3"	"9"	"7"	""
"2004-w33"	"41"	"15"	"18"	"9"	"10"	"4"	"9"	"5"	"7"	"3"	"5"	"3"	"7"	"6"	"9"	"6"	"10"	""
"2004-w34"	"47"	"12"	"7"	"15"	"5"	"6"	"4"	"8"	"10"	"3"	"7"	"6"	"8"	"5"	"8"	"7"	"11"	""
"2004-w35"	"68"	"11"	"7"	"10"	"8"	"3"	"5"	"9"	"12"	"3"	"7"	"5"	"6"	"4"	"14"	"10"	"6"	""
"2004-w36"	"50"	"16"	"7"	"4"	"13"	"6"	"5"	"8"	"6"	"7"	"7"	"6"	"8"	"10"	"5"	"4"	"8"	""
"2004-w37"	"63"	"16"	"8"	"7"	"10"	"7"	"11"	"6"	"4"	"3"	"5"	"12"	"7"	"5"	"8"	"5"	"9"	""
"2004-w38"	"84"	"27"	"12"	"5"	"10"	"7"	"11"	"5"	"8"	"6"	"7"	"4"	"10"	"15"	"11"	"5"	"13"	""
"2004-w39"	"79"	"12"	"8"	"11"	"5"	"5"	"9"	"2"	"14"	"4"	"4"	"10"	"10"	"1"	"6"	"8"	"14"	""
"2004-w40"	"95"	"20"	"10"	"15"	"7"	"3"	"7"	"9"	"9"	"7"	"8"	"6"	"7"	"14"	"6"	"12"	"15"	""
"2004-w41"	"103"	"25"	"14"	"15"	"9"	"8"	"2"	"10"	"10"	"7"	"12"	"6"	"13"	"9"	"8"	"12"	"21"	""
"2004-w42"	"111"	"24"	"9"	"5"	"8"	"9"	"11"	"10"	"14"	"10"	"9"	"6"	"7"	"13"	"17"	"16"	"8"	""
"2004-w43"	"132"	"22"	"11"	"14"	"12"	"9"	"8"	"22"	"20"	"10"	"10"	"11"	"8"	"20"	"15"	"13"	"14"	""
"2004-w44"	"148"	"17"	"16"	"9"	"16"	"11"	"9"	"13"	"11"	"20"	"11"	"7"	"11"	"18"	"13"	"23"	"25"	"1"
"2004-w45"	"177"	"28"	"15"	"22"	"14"	"9"	"9"	"18"	"10"	"10"	"15"	"10"	"9"	"20"	"22"	"13"	"26"	""
"2004-w46"	"192"	"23"	"21"	"17"	"13"	"10"	"7"	"17"	"14"	"17"	"13"	"12"	"20"	"26"	"21"	"32"	"45"	""
"2004-w47"	"184"	"28"	"17"	"14"	"13"	"12"	"9"	"17"	"17"	"11"	"18"	"10"	"28"	"27"	"26"	"19"	"32"	"1"
"2004-w48"	"207"	"43"	"23"	"20"	"13"	"13"	"15"	"32"	"25"	"24"	"20"	"27"	"23"	"30"	"26"	"31"	"44"	""
"2004-w49"	"171"	"38"	"29"	"23"	"11"	"11"	"15"	"20"	"24"	"15"	"26"	"19"	"34"	"44"	"31"	"32"	"62"	""
"2004-w50"	"168"	"44"	"14"	"21"	"10"	"16"	"12"	"19"	"19"	"31"	"27"	"18"	"33"	"41"	"43"	"40"	"77"	""
"2004-w51"	"200"	"43"	"32"	"21"	"37"	"22"	"15"	"27"	"31"	"29"	"35"	"27"	"49"	"47"	"37"	"48"	"64"	""
"2004-w52"	"180"	"39"	"19"	"19"	"26"	"19"	"24"	"38"	"36"	"18"	"20"	"24"	"29"	"43"	"41"	"46"	"94"	"1"
"2004-w53"	"78"	"19"	"14"	"12"	"21"	"13"	"13"	"8"	"15"	"10"	"19"	"19"	"26"	"34"	"34"	"29"	"62"	""
"2005-w01"	"171"	"25"	"20"	"20"	"17"	"23"	"25"	"29"	"26"	"36"	"32"	"24"	"43"	"57"	"58"	"51"	"97"	"1"
"2005-w02"	"164"	"41"	"18"	"28"	"31"	"21"	"18"	"40"	"26"	"24"	"38"	"27"	"49"	"65"	"61"	"66"	"138"	""
"2005-w03"	"185"	"54"	"32"	"23"	"28"	"14"	"23"	"24"	"23"	"30"	"39"	"35"	"43"	"55"	"56"	"48"	"117"	""
"2005-w04"	"162"	"31"	"27"	"18"	"21"	"11"	"16"	"25"	"22"	"23"	"24"	"33"	"28"	"43"	"47"	"51"	"70"	""
"2005-w05"	"145"	"37"	"23"	"17"	"11"	"16"	"17"	"23"	"24"	"21"	"22"	"30"	"26"	"41"	"36"	"47"	"66"	"1"
"2005-w06"	"140"	"36"	"18"	"24"	"11"	"17"	"17"	"9"	"24"	"19"	"16"	"15"	"34"	"37"	"43"	"55"	"70"	""
"2005-w07"	"150"	"28"	"13"	"15"	"19"	"22"	"17"	"26"	"36"	"17"	"23"	"24"	"32"	"49"	"57"	"52"	"74"	""
"2005-w08"	"112"	"36"	"12"	"19"	"15"	"8"	"10"	"22"	"24"	"27"	"24"	"24"	"29"	"54"	"31"	"61"	"71"	""
"2005-w09"	"169"	"33"	"17"	"14"	"11"	"15"	"5"	"28"	"19"	"18"	"21"	"28"	"27"	"52"	"48"	"40"	"67"	""
"2005-w10"	"119"	"28"	"19"	"10"	"17"	"12"	"19"	"23"	"25"	"15"	"18"	"22"	"26"	"42"	"35"	"49"	"48"	""
"2005-w11"	"140"	"29"	"20"	"18"	"9"	"11"	"13"	"20"	"20"	"22"	"11"	"20"	"17"	"39"	"31"	"39"	"50"	""
"2005-w12"	"87"	"24"	"12"	"15"	"3"	"3"	"13"	"21"	"16"	"11"	"14"	"13"	"26"	"28"	"28"	"34"	"56"	""
"2005-w13"	"66"	"22"	"11"	"10"	"9"	"5"	"8"	"7"	"12"	"12"	"7"	"12"	"9"	"19"	"31"	"27"	"26"	""
"2005-w14"	"102"	"17"	"9"	"17"	"8"	"9"	"8"	"14"	"19"	"8"	"13"	"22"	"15"	"29"	"22"	"29"	"30"	""
"2005-w15"	"109"	"32"	"24"	"20"	"11"	"4"	"12"	"17"	"16"	"17"	"13"	"12"	"20"	"19"	"30"	"21"	"26"	""
"2005-w16"	"100"	"31"	"22"	"20"	"12"	"10"	"8"	"12"	"13"	"14"	"22"	"21"	"20"	"24"	"24"	"22"	"24"	""
"2005-w17"	"94"	"29"	"28"	"22"	"8"	"8"	"12"	"19"	"20"	"10"	"14"	"13"	"15"	"24"	"24"	"13"	"33"	""
"2005-w18"	"83"	"31"	"16"	"12"	"6"	"9"	"3"	"13"	"12"	"11"	"10"	"9"	"17"	"12"	"23"	"21"	"19"	""
"2005-w19"	"95"	"24"	"18"	"11"	"5"	"6"	"12"	"17"	"13"	"10"	"15"	"9"	"13"	"11"	"18"	"23"	"15"	""
"2005-w20"	"61"	"16"	"15"	"13"	"13"	"7"	"6"	"12"	"8"	"10"	"7"	"5"	"19"	"19"	"18"	"19"	"15"	""
"2005-w21"	"99"	"34"	"17"	"12"	"12"	"9"	"7"	"18"	"15"	"18"	"10"	"8"	"14"	"17"	"12"	"16"	"20"	""
"2005-w22"	"65"	"14"	"17"	"9"	"13"	"10"	"8"	"10"	"12"	"10"	"7"	"11"	"9"	"14"	"12"	"11"	"24"	""
"2005-w23"	"67"	"27"	"15"	"10"	"10"	"5"	"5"	"11"	"8"	"7"	"8"	"7"	"7"	"17"	"13"	"9"	"8"	""
"2005-w24"	"56"	"20"	"12"	"7"	"8"	"6"	"11"	"8"	"7"	"4"	"9"	"2"	"10"	"9"	"9"	"4"	"14"	""
"2005-w25"	"53"	"13"	"11"	"4"	"7"	"6"	"5"	"8"	"5"	"6"	"7"	"5"	"1"	"17"	"1"	"12"	"10"	""
"2005-w26"	"41"	"10"	"10"	"4"	"7"	"3"	"2"	"5"	"7"	"3"	"10"	"6"	"7"	"8"	"5"	"9"	"11"	""
"2005-w27"	"23"	"9"	"8"	"5"	"4"	"4"	"4"	"2"	"6"	"4"	"6"	"3"	"3"	"11"	"5"	"4"	"8"	""
"2005-w28"	"29"	"9"	"4"	""	"2"	"2"	"4"	"7"	"5"	"2"	"12"	"4"	"4"	"5"	"5"	"7"	"5"	""
"2005-w29"	"41"	"8"	"6"	"1"	"2"	"4"	"3"	"4"	"2"	"3"	"2"	"4"	"1"	"5"	"5"	"5"	"5"	"1"
"2005-w30"	"13"	"8"	"2"	"1"	"2"	"1"	"2"	"2"	"3"	"2"	""	"3"	"2"	"1"	"7"	"9"	"6"	""
"2005-w31"	"16"	"5"	"2"	"2"	"2"	"1"	"1"	"1"	"2"	"2"	"6"	"4"	"2"	"4"	"3"	"5"	"3"	""
"2005-w32"	"23"	"5"	"2"	"3"	"3"	"3"	"2"	"1"	"6"	"3"	"2"	""	"1"	""	""	"2"	"4"	""
"2005-w33"	"13"	"4"	"5"	"2"	"3"	"1"	"1"	"3"	"3"	"2"	"5"	"4"	"3"	"2"	"7"	"3"	"4"	"1"
"2005-w34"	"23"	"2"	"2"	"2"	"1"	"3"	"5"	"1"	"6"	"4"	"5"	"2"	""	"2"	"3"	"2"	"2"	""
"2005-w35"	"18"	"4"	"2"	"4"	"3"	"2"	"2"	"4"	"1"	"2"	"3"	"2"	"3"	"3"	"1"	""	"2"	""
"2005-w36"	"9"	"6"	"7"	"2"	"2"	"1"	""	"1"	"3"	"5"	"2"	""	"3"	"2"	""	"3"	"3"	""
"2005-w37"	"28"	"4"	"3"	"1"	"3"	"2"	"3"	"4"	"4"	""	"3"	""	"1"	"4"	""	"3"	"3"	""
"2005-w38"	"18"	"7"	"4"	"1"	"3"	"3"	"2"	"1"	"4"	""	"1"	"1"	"1"	"3"	"2"	"3"	"4"	""
"2005-w39"	"18"	"1"	"1"	""	"1"	""	"1"	"3"	""	""	"3"	"1"	"3"	"3"	"4"	"2"	"6"	""
"2005-w40"	"21"	"4"	""	"2"	"1"	"1"	"1"	"1"	"1"	""	"2"	"4"	"3"	"2"	"2"	"2"	"4"	""
"2005-w41"	"25"	"7"	"3"	"1"	"1"	"4"	"2"	""	"3"	"3"	"2"	"4"	"1"	"7"	"3"	"4"	"5"	""
"2005-w42"	"24"	"6"	"1"	"2"	"2"	"4"	"2"	"2"	"4"	"4"	"1"	"1"	"1"	"4"	"2"	"2"	"2"	""
"2005-w43"	"26"	"7"	"2"	"1"	"3"	"1"	""	"4"	"3"	""	""	""	"1"	"4"	"2"	"4"	"3"	"1"
"2005-w44"	"32"	"3"	"6"	""	"4"	"1"	"2"	"2"	"3"	"1"	""	"1"	"3"	"4"	"3"	"3"	"5"	""
"2005-w45"	"39"	"8"	"5"	"1"	"4"	"2"	"2"	"2"	"2"	"2"	"2"	""	"3"	"3"	"3"	"2"	"3"	""
"2005-w46"	"41"	"10"	"3"	"3"	"1"	"2"	"1"	"1"	""	"3"	"1"	"2"	"3"	"7"	"1"	"3"	"5"	""
"2005-w47"	"39"	"8"	"2"	"1"	"1"	"3"	"1"	"1"	"7"	"3"	"1"	"1"	"2"	""	"2"	"7"	"5"	"1"
"2005-w48"	"38"	"6"	"5"	"3"	"3"	"2"	"1"	"2"	"6"	"2"	"5"	"1"	"6"	"6"	"5"	"10"	"12"	""
"2005-w49"	"55"	"7"	"2"	"3"	"5"	"2"	"5"	"6"	"7"	"7"	"4"	"4"	"3"	"8"	"1"	"9"	"5"	""
"2005-w50"	"72"	"22"	"4"	"3"	"7"	"3"	"4"	"5"	"7"	"4"	"4"	"6"	"6"	"6"	"2"	"6"	"15"	""
"2005-w51"	"58"	"11"	"4"	"7"	"3"	"3"	"2"	"3"	"2"	"3"	"3"	"4"	"9"	"8"	"4"	"15"	"21"	""
"2005-w52"	"41"	"6"	"4"	"5"	"3"	"4"	"1"	"1"	"3"	""	"3"	"4"	"3"	"5"	"6"	"6"	"15"	""
"2006-w01"	"31"	"4"	"3"	"3"	"3"	"1"	"5"	"3"	""	"5"	"3"	"5"	"5"	"2"	"5"	"6"	"17"	""
"2006-w02"	"56"	"13"	"4"	"8"	"6"	"4"	"1"	"4"	"5"	""	"5"	"10"	"3"	"8"	"15"	"5"	"21"	""
"2006-w03"	"79"	"15"	"39"	"51"	"7"	"8"	"5"	"3"	"3"	"3"	"9"	"6"	"10"	"11"	"11"	"15"	"23"	""
"2006-w04"	"90"	"16"	"7"	"4"	"7"	"9"	"4"	"3"	"4"	"9"	"5"	"9"	"8"	"21"	"13"	"15"	"27"	""
"2006-w05"	"83"	"12"	"7"	"9"	"9"	"2"	"6"	"4"	"8"	"6"	"9"	"6"	"9"	"7"	"11"	"11"	"32"	""
"2006-w06"	"141"	"26"	"7"	"6"	"5"	"7"	"1"	"10"	"6"	""	"7"	"9"	"12"	"18"	"34"	"20"	"40"	""
"2006-w07"	"108"	"18"	"5"	"4"	"4"	"8"	"7"	"5"	"5"	"10"	"7"	"5"	"11"	"20"	"15"	"22"	"37"	""
"2006-w08"	"124"	"13"	"2"	"4"	"6"	"5"	"4"	"6"	"8"	"6"	"6"	"14"	"14"	"29"	"18"	"16"	"42"	"2"
"2006-w09"	"121"	"16"	"7"	"10"	"10"	"8"	"8"	"5"	"7"	"12"	"17"	"6"	"11"	"24"	"19"	"19"	"35"	""
"2006-w10"	"125"	"19"	"2"	"8"	"12"	"8"	"17"	"13"	"15"	"10"	"15"	"10"	"8"	"24"	"19"	"23"	"33"	"1"
"2006-w11"	"134"	"21"	"7"	"14"	"8"	"10"	"10"	"13"	"8"	"8"	"14"	"20"	"24"	"21"	"23"	"28"	"60"	""
"2006-w12"	"97"	"18"	"6"	"7"	"9"	"10"	"13"	"14"	"18"	"11"	"11"	"12"	"10"	"22"	"26"	"29"	"38"	""
"2006-w13"	"126"	"14"	"2"	"7"	"8"	"9"	"10"	"9"	"16"	"5"	"8"	"8"	"10"	"34"	"20"	"19"	"44"	""
"2006-w14"	"92"	"10"	"6"	"5"	"7"	"8"	"3"	"10"	"11"	"11"	"7"	"16"	"14"	"16"	"13"	"23"	"28"	""
"2006-w15"	"72"	"13"	"7"	"4"	"14"	"5"	"3"	"5"	"5"	"14"	"7"	"8"	"13"	"11"	"9"	"25"	"29"	""
"2006-w16"	"69"	"7"	"1"	"6"	"5"	"3"	"6"	"6"	"7"	"10"	"7"	"9"	"7"	"17"	"16"	"13"	"31"	""
"2006-w17"	"64"	"7"	"5"	"6"	"7"	"5"	"11"	"5"	"8"	"8"	"8"	"8"	"12"	"23"	"19"	"18"	"36"	""
"2006-w18"	"54"	"4"	"4"	"3"	"4"	"1"	"5"	"4"	"8"	"4"	"7"	"11"	"9"	"14"	"8"	"14"	"20"	""
"2006-w19"	"48"	"10"	"3"	"5"	"5"	"1"	"8"	"5"	"8"	"10"	"11"	"10"	"9"	"10"	"12"	"19"	"20"	""
"2006-w20"	"57"	"9"	"8"	"3"	"2"	"6"	"1"	"12"	"6"	"7"	"5"	"3"	"6"	"12"	"10"	"15"	"20"	""
"2006-w21"	"44"	"8"	"5"	"2"	"2"	"8"	"2"	"3"	"6"	"2"	"6"	"2"	"2"	"7"	"11"	"11"	"16"	""
"2006-w22"	"40"	"14"	"9"	"2"	"7"	"5"	"1"	"5"	"2"	"4"	"3"	"5"	"5"	"5"	"10"	"11"	"18"	""
"2006-w23"	"48"	"6"	"2"	"6"	"10"	"1"	"3"	"3"	"2"	"3"	"6"	"5"	"1"	"10"	"16"	"11"	"13"	""
"2006-w24"	"50"	"6"	"6"	"3"	"9"	"9"	"6"	"3"	"14"	"5"	"13"	"7"	"5"	"12"	"8"	"9"	"14"	""
"2006-w25"	"43"	"5"	"3"	"5"	"1"	"2"	"1"	"4"	"2"	"4"	"7"	"2"	"7"	"8"	"9"	"5"	"11"	""
"2006-w26"	"36"	"5"	"2"	"2"	"4"	"1"	"4"	"5"	"3"	"7"	"2"	"2"	"4"	"7"	"7"	"2"	"10"	""
"2006-w27"	"37"	"16"	"7"	"3"	"1"	"8"	"4"	"2"	"7"	"4"	"8"	"3"	"6"	"6"	"12"	"8"	"12"	""
"2006-w28"	"38"	"8"	"5"	"2"	"7"	"3"	"1"	"5"	"7"	"3"	"4"	""	"4"	"2"	"3"	"7"	"6"	""
"2006-w29"	"34"	"5"	"5"	"3"	"5"	"2"	"3"	"6"	"4"	"4"	"3"	"6"	"5"	"3"	"5"	"3"	"9"	""
"2006-w30"	"30"	"2"	"3"	""	"3"	"4"	"5"	"5"	"5"	"5"	"3"	"5"	"2"	"2"	"4"	"11"	"6"	""
"2006-w31"	"37"	"7"	"5"	"3"	"3"	"1"	"3"	"4"	"4"	"2"	"2"	"3"	"4"	"5"	"8"	"2"	"10"	""
"2006-w32"	"28"	"4"	"2"	"2"	"3"	"6"	"3"	"4"	"6"	"3"	"4"	"3"	"4"	"11"	"7"	"6"	"5"	""
"2006-w33"	"34"	"4"	"4"	"8"	"4"	"8"	"2"	"8"	"3"	"4"	"3"	"5"	"8"	"10"	"5"	"7"	"14"	""
"2006-w34"	"27"	"9"	"8"	"5"	"4"	"2"	"1"	"5"	"5"	"2"	"2"	"6"	"6"	"8"	"4"	"2"	"8"	""
"2006-w35"	"21"	"8"	"4"	"3"	"8"	"4"	""	"5"	"8"	"3"	"2"	"5"	"3"	"7"	"7"	"5"	"9"	""
"2006-w36"	"38"	"4"	"1"	"1"	"3"	"2"	"3"	"5"	"5"	"3"	"9"	"1"	"4"	"6"	"7"	"3"	"7"	""
"2006-w37"	"40"	"11"	"3"	"5"	"4"	"3"	"2"	"8"	"6"	"3"	"6"	"3"	"8"	"7"	"9"	"4"	"8"	""
"2006-w38"	"30"	"6"	"5"	"3"	"3"	"2"	"3"	"7"	"5"	"9"	"4"	"4"	"5"	"5"	"4"	"4"	"13"	""
"2006-w39"	"36"	"12"	"8"	"4"	"5"	""	"1"	"2"	"4"	"7"	"6"	"6"	"4"	"7"	"11"	"9"	"14"	""
"2006-w40"	"41"	"6"	"2"	"3"	"4"	"3"	"6"	"1"	"2"	"1"	"6"	"3"	"7"	"6"	"5"	"8"	"7"	""
"2006-w41"	"64"	"6"	"3"	"5"	"2"	"2"	"3"	"8"	"6"	"3"	"1"	"6"	"9"	"6"	"11"	"10"	"15"	""
"2006-w42"	"57"	"6"	"2"	"3"	"8"	"2"	"4"	"3"	"3"	"3"	"11"	"4"	"9"	"15"	"16"	"12"	"23"	""
"2006-w43"	"88"	"10"	"6"	"7"	"4"	"3"	"3"	"5"	"6"	"4"	"3"	"6"	"11"	"15"	"11"	"10"	"17"	""
"2006-w44"	"55"	"6"	"3"	"3"	"3"	"3"	"4"	"4"	"7"	"5"	"4"	"1"	"9"	"6"	"12"	"12"	"13"	""
"2006-w45"	"88"	"13"	"4"	"8"	"1"	"3"	"3"	"1"	"6"	"5"	"5"	"7"	"15"	"14"	"15"	"11"	"16"	""
"2006-w46"	"116"	"15"	"7"	"41"	"6"	"7"	"5"	"9"	"10"	"9"	"19"	"13"	"17"	"27"	"24"	"26"	"34"	""
"2006-w47"	"143"	"14"	"4"	"9"	"4"	"9"	"8"	"11"	"14"	"8"	"6"	"10"	"11"	"19"	"29"	"24"	"45"	""
"2006-w48"	"158"	"21"	"9"	"8"	"10"	"9"	"10"	"9"	"8"	"9"	"16"	"10"	"11"	"17"	"26"	"30"	"64"	""
"2006-w49"	"144"	"27"	"7"	"7"	"12"	"6"	"11"	"17"	"15"	"11"	"14"	"14"	"17"	"34"	"29"	"42"	"67"	""
"2006-w50"	"174"	"24"	"11"	"17"	"18"	"12"	"13"	"21"	"21"	"25"	"27"	"27"	"21"	"42"	"47"	"49"	"70"	""
"2006-w51"	"227"	"51"	"6"	"14"	"19"	"15"	"18"	"25"	"22"	"16"	"17"	"24"	"29"	"48"	"60"	"56"	"91"	"1"
"2006-w52"	"125"	"14"	"9"	"11"	"19"	"7"	"8"	"13"	"10"	"9"	"16"	"10"	"14"	"34"	"38"	"46"	"75"	""
"2007-w01"	"164"	"18"	"4"	"11"	"14"	"15"	"8"	"14"	"13"	"16"	"22"	"23"	"29"	"39"	"62"	"70"	"127"	"1"
"2007-w02"	"161"	"16"	"10"	"19"	"15"	"25"	"16"	"32"	"21"	"24"	"28"	"40"	"29"	"59"	"67"	"82"	"158"	""
"2007-w03"	"190"	"19"	"12"	"18"	"23"	"16"	"18"	"18"	"22"	"26"	"25"	"33"	"47"	"57"	"77"	"80"	"149"	"1"
"2007-w04"	"203"	"15"	"5"	"16"	"12"	"15"	"16"	"18"	"21"	"25"	"22"	"33"	"43"	"59"	"55"	"79"	"134"	""
"2007-w05"	"229"	"35"	"12"	"22"	"23"	"22"	"29"	"26"	"28"	"22"	"42"	"46"	"49"	"103"	"96"	"109"	"191"	"1"
"2007-w06"	"306"	"44"	"24"	"31"	"25"	"28"	"39"	"41"	"50"	"36"	"56"	"55"	"81"	"109"	"118"	"121"	"202"	"1"
"2007-w07"	"313"	"49"	"18"	"19"	"39"	"26"	"41"	"49"	"44"	"57"	"56"	"45"	"72"	"94"	"108"	"120"	"184"	""
"2007-w08"	"242"	"45"	"19"	"21"	"26"	"22"	"24"	"35"	"49"	"38"	"55"	"47"	"65"	"88"	"100"	"115"	"199"	""
"2007-w09"	"270"	"44"	"15"	"24"	"32"	"31"	"20"	"37"	"43"	"42"	"40"	"44"	"52"	"84"	"82"	"117"	"171"	""
"2007-w10"	"282"	"39"	"19"	"24"	"22"	"17"	"31"	"34"	"36"	"32"	"47"	"46"	"54"	"85"	"100"	"122"	"156"	""
"2007-w11"	"234"	"31"	"16"	"14"	"20"	"25"	"20"	"30"	"27"	"35"	"40"	"47"	"34"	"67"	"56"	"98"	"141"	""
"2007-w12"	"241"	"24"	"9"	"21"	"19"	"22"	"15"	"22"	"32"	"22"	"42"	"43"	"31"	"46"	"85"	"98"	"170"	""
"2007-w13"	"226"	"23"	"12"	"15"	"22"	"13"	"11"	"22"	"31"	"28"	"34"	"30"	"46"	"72"	"97"	"94"	"169"	""
"2007-w14"	"170"	"31"	"10"	"15"	"13"	"14"	"13"	"20"	"22"	"17"	"30"	"35"	"45"	"54"	"66"	"60"	"134"	"1"
"2007-w15"	"166"	"16"	"3"	"10"	"18"	"10"	"11"	"20"	"13"	"24"	"22"	"31"	"39"	"59"	"70"	"92"	"141"	""
"2007-w16"	"168"	"22"	"14"	"10"	"14"	"17"	"12"	"34"	"24"	"18"	"27"	"34"	"37"	"64"	"61"	"78"	"145"	""
"2007-w17"	"197"	"26"	"6"	"10"	"17"	"9"	"14"	"20"	"26"	"33"	"37"	"29"	"32"	"72"	"65"	"92"	"134"	""
"2007-w18"	"146"	"23"	"11"	"12"	"9"	"14"	"13"	"15"	"26"	"18"	"30"	"30"	"34"	"47"	"53"	"75"	"110"	""
"2007-w19"	"159"	"19"	"14"	"22"	"16"	"16"	"10"	"20"	"23"	"24"	"39"	"41"	"37"	"70"	"76"	"66"	"112"	""
"2007-w20"	"167"	"32"	"11"	"10"	"11"	"12"	"18"	"12"	"21"	"23"	"17"	"28"	"23"	"33"	"56"	"56"	"99"	""
"2007-w21"	"162"	"28"	"11"	"15"	"9"	"16"	"17"	"16"	"20"	"23"	"18"	"24"	"26"	"53"	"47"	"72"	"88"	"1"
"2007-w22"	"105"	"24"	"9"	"9"	"16"	"14"	"9"	"5"	"14"	"12"	"13"	"14"	"20"	"29"	"29"	"27"	"51"	""
"2007-w23"	"102"	"12"	"12"	"13"	"10"	"9"	"11"	"10"	"20"	"12"	"6"	"13"	"19"	"22"	"24"	"26"	"40"	"1"
"2007-w24"	"74"	"8"	"10"	"13"	"8"	"13"	"11"	"9"	"9"	"10"	"9"	"14"	"10"	"25"	"19"	"26"	"29"	""
"2007-w25"	"68"	"16"	"11"	"6"	"6"	"8"	"10"	"13"	"14"	"19"	"10"	"9"	"9"	"16"	"12"	"17"	"22"	"1"
"2007-w26"	"75"	"9"	"4"	"7"	"14"	"8"	"8"	"5"	"9"	"5"	"9"	"11"	"5"	"12"	"22"	"11"	"17"	""
"2007-w27"	"63"	"16"	"4"	"6"	"4"	"11"	"4"	"9"	"10"	"6"	"9"	"8"	"14"	"15"	"14"	"10"	"11"	""
"2007-w28"	"83"	"17"	"6"	"5"	"7"	"10"	"4"	"9"	"14"	"5"	"5"	"13"	"6"	"13"	"10"	"14"	"12"	""
"2007-w29"	"57"	"9"	"5"	"12"	"2"	"7"	"3"	"3"	"13"	"8"	"4"	"7"	"7"	"13"	"6"	"11"	"9"	""
"2007-w30"	"76"	"15"	"8"	"8"	"6"	"4"	"10"	"2"	"6"	"4"	"9"	"6"	"3"	"13"	"20"	"16"	"12"	""
"2007-w31"	"54"	"8"	"7"	"1"	"6"	"7"	"6"	""	"3"	"8"	"6"	"9"	"5"	"9"	"14"	"12"	"12"	""
"2007-w32"	"58"	"11"	"6"	"6"	"8"	"4"	"1"	"2"	"9"	"11"	"3"	"7"	"9"	"9"	"10"	"12"	"12"	""
"2007-w33"	"52"	"9"	"5"	"7"	"5"	"9"	"7"	"8"	"7"	"8"	"3"	"9"	"6"	"6"	"8"	"14"	"8"	""
"2007-w34"	"52"	"12"	"11"	"7"	"8"	"3"	"18"	"6"	"3"	"4"	"4"	"4"	"12"	"12"	"7"	"10"	"12"	""
"2007-w35"	"52"	"9"	"9"	"5"	"7"	"7"	"10"	"8"	"13"	"9"	"7"	"10"	"6"	"9"	"17"	"9"	"18"	""
"2007-w36"	"74"	"10"	"4"	"6"	"5"	"2"	"7"	"6"	"5"	"3"	"7"	"8"	"3"	"7"	"7"	"11"	"13"	""
"2007-w37"	"99"	"21"	"2"	"3"	"6"	"9"	"5"	"6"	"5"	"9"	"4"	"13"	"11"	"10"	"16"	"12"	"16"	""
"2007-w38"	"105"	"22"	"8"	"14"	"4"	"6"	"7"	"10"	"7"	"9"	"8"	"10"	"12"	"20"	"13"	"12"	"18"	""
"2007-w39"	"105"	"17"	"11"	"5"	"6"	"11"	"6"	"8"	"9"	"8"	"8"	"6"	"7"	"20"	"14"	"8"	"29"	""
"2007-w40"	"104"	"14"	"5"	"11"	"6"	"9"	"9"	"7"	"15"	"8"	"7"	"5"	"8"	"10"	"10"	"18"	"26"	""
"2007-w41"	"145"	"22"	"10"	"7"	"13"	"9"	"10"	"9"	"9"	"14"	"17"	"17"	"9"	"20"	"17"	"21"	"37"	""
"2007-w42"	"162"	"12"	"10"	"6"	"8"	"14"	"11"	"10"	"15"	"15"	"16"	"18"	"17"	"24"	"21"	"24"	"38"	"1"
"2007-w43"	"219"	"22"	"19"	"15"	"8"	"11"	"12"	"12"	"13"	"9"	"11"	"21"	"10"	"47"	"32"	"24"	"40"	""
"2007-w44"	"237"	"23"	"8"	"12"	"16"	"11"	"6"	"14"	"20"	"28"	"23"	"33"	"31"	"47"	"56"	"53"	"78"	""
"2007-w45"	"420"	"41"	"27"	"17"	"23"	"24"	"21"	"24"	"33"	"21"	"36"	"38"	"31"	"58"	"79"	"73"	"117"	""
"2007-w46"	"462"	"61"	"25"	"34"	"22"	"34"	"32"	"41"	"28"	"35"	"48"	"46"	"47"	"68"	"83"	"71"	"117"	""
"2007-w47"	"490"	"57"	"23"	"22"	"35"	"29"	"28"	"42"	"47"	"37"	"56"	"48"	"53"	"98"	"111"	"124"	"189"	""
"2007-w48"	"672"	"54"	"24"	"27"	"45"	"52"	"27"	"54"	"68"	"46"	"60"	"92"	"60"	"125"	"132"	"141"	"255"	""
"2007-w49"	"656"	"80"	"54"	"35"	"48"	"39"	"59"	"63"	"75"	"62"	"75"	"89"	"82"	"144"	"141"	"179"	"280"	"1"
"2007-w50"	"786"	"99"	"40"	"50"	"49"	"70"	"57"	"63"	"74"	"65"	"69"	"94"	"100"	"156"	"171"	"171"	"282"	""
"2007-w51"	"785"	"117"	"48"	"56"	"58"	"60"	"75"	"69"	"75"	"64"	"83"	"88"	"99"	"156"	"178"	"178"	"317"	""
"2007-w52"	"387"	"44"	"17"	"20"	"27"	"27"	"21"	"32"	"42"	"53"	"43"	"53"	"54"	"110"	"117"	"126"	"217"	"1"
"2008-w01"	"483"	"33"	"18"	"27"	"41"	"41"	"31"	"50"	"51"	"58"	"76"	"98"	"123"	"182"	"204"	"235"	"424"	"1"
"2008-w02"	"642"	"65"	"31"	"62"	"74"	"76"	"69"	"91"	"118"	"134"	"143"	"161"	"158"	"264"	"322"	"339"	"581"	""
"2008-w03"	"740"	"88"	"46"	"59"	"103"	"60"	"70"	"96"	"130"	"146"	"139"	"178"	"142"	"257"	"311"	"371"	"588"	""
"2008-w04"	"691"	"79"	"47"	"68"	"84"	"66"	"87"	"92"	"124"	"108"	"151"	"160"	"158"	"274"	"273"	"314"	"529"	"2"
"2008-w05"	"594"	"84"	"39"	"37"	"60"	"71"	"53"	"75"	"91"	"91"	"113"	"95"	"107"	"188"	"240"	"202"	"362"	""
"2008-w06"	"475"	"71"	"26"	"35"	"56"	"51"	"50"	"58"	"71"	"81"	"92"	"122"	"105"	"151"	"217"	"211"	"339"	"1"
"2008-w07"	"495"	"48"	"20"	"31"	"54"	"50"	"42"	"58"	"76"	"82"	"90"	"102"	"96"	"157"	"217"	"221"	"362"	""
"2008-w08"	"489"	"63"	"32"	"30"	"47"	"57"	"57"	"51"	"67"	"74"	"81"	"91"	"87"	"158"	"187"	"198"	"311"	""
"2008-w09"	"420"	"51"	"16"	"39"	"38"	"34"	"41"	"62"	"59"	"83"	"84"	"97"	"85"	"164"	"180"	"188"	"343"	""
"2008-w10"	"421"	"60"	"23"	"19"	"38"	"38"	"32"	"51"	"54"	"59"	"74"	"85"	"71"	"133"	"144"	"145"	"259"	""
"2008-w11"	"376"	"40"	"13"	"27"	"34"	"36"	"34"	"34"	"46"	"31"	"53"	"74"	"67"	"99"	"124"	"130"	"218"	""
"2008-w12"	"275"	"27"	"21"	"22"	"27"	"22"	"27"	"34"	"33"	"40"	"34"	"55"	"55"	"86"	"79"	"95"	"165"	"1"
"2008-w13"	"231"	"15"	"13"	"19"	"21"	"16"	"19"	"17"	"32"	"25"	"21"	"38"	"39"	"76"	"91"	"89"	"160"	""
"2008-w14"	"227"	"14"	"11"	"21"	"34"	"22"	"12"	"30"	"34"	"36"	"45"	"57"	"63"	"73"	"91"	"125"	"193"	""
"2008-w15"	"274"	"30"	"14"	"18"	"28"	"22"	"16"	"23"	"29"	"47"	"52"	"40"	"47"	"73"	"99"	"85"	"160"	""
"2008-w16"	"254"	"41"	"13"	"24"	"24"	"24"	"17"	"24"	"31"	"37"	"47"	"49"	"39"	"71"	"80"	"86"	"154"	"1"
"2008-w17"	"216"	"25"	"18"	"16"	"36"	"20"	"18"	"27"	"30"	"34"	"34"	"39"	"43"	"77"	"76"	"107"	"170"	"1"
"2008-w18"	"171"	"17"	"13"	"8"	"12"	"17"	"17"	"22"	"21"	"15"	"9"	"28"	"26"	"49"	"49"	"60"	"83"	""
"2008-w19"	"173"	"24"	"15"	"16"	"16"	"17"	"10"	"23"	"22"	"22"	"21"	"28"	"26"	"54"	"53"	"56"	"73"	""
"2008-w20"	"133"	"12"	"7"	"8"	"21"	"13"	"13"	"14"	"18"	"20"	"22"	"16"	"17"	"38"	"36"	"46"	"73"	"1"
"2008-w21"	"102"	"21"	"6"	"16"	"27"	"10"	"16"	"10"	"23"	"12"	"27"	"14"	"8"	"25"	"34"	"31"	"51"	"16"
"2008-w22"	"132"	"16"	"12"	"14"	"18"	"12"	"8"	"7"	"18"	"15"	"10"	"12"	"17"	"24"	"44"	"28"	"58"	""
"2008-w23"	"84"	"26"	"11"	"16"	"9"	"12"	"12"	"9"	"14"	"11"	"9"	"9"	"4"	"21"	"22"	"21"	"34"	""
"2008-w24"	"95"	"8"	"7"	"5"	"5"	"12"	"5"	"14"	"7"	"12"	"15"	"13"	"10"	"16"	"17"	"12"	"17"	""
"2008-w25"	"108"	"8"	"13"	"8"	"11"	"8"	"9"	"10"	"10"	"7"	"16"	"14"	"10"	"13"	"11"	"11"	"26"	"1"
"2008-w26"	"96"	"23"	"10"	"8"	"12"	"6"	"6"	"13"	"11"	"8"	"10"	"9"	"9"	"12"	"10"	"13"	"18"	""
"2008-w27"	"64"	"14"	"6"	"6"	"7"	"8"	"4"	"9"	"8"	"5"	"7"	"9"	"8"	"9"	"17"	"9"	"12"	""
"2008-w28"	"79"	"17"	"5"	"7"	"14"	"5"	"5"	"8"	"4"	"5"	"9"	"7"	"6"	"12"	"8"	"9"	"14"	""
"2008-w29"	"70"	"14"	"2"	"5"	"9"	"7"	"5"	"13"	"9"	"12"	"6"	"17"	"4"	"8"	"10"	"9"	"19"	""
"2008-w30"	"51"	"8"	"7"	"7"	"9"	"8"	"8"	"8"	"4"	"14"	"10"	"8"	"4"	"11"	"9"	"7"	"12"	""
"2008-w31"	"49"	"11"	"6"	"10"	"7"	"5"	"6"	"4"	"8"	"7"	"4"	"8"	"10"	"11"	"11"	"6"	"16"	""
"2008-w32"	"64"	"10"	"18"	"12"	"9"	"4"	"8"	"8"	"8"	"4"	"2"	"10"	"9"	"9"	"13"	"11"	"8"	""
"2008-w33"	"70"	"13"	"9"	"8"	"9"	"11"	"6"	"6"	"9"	"5"	"3"	"5"	"7"	"10"	"7"	"9"	"15"	""
"2008-w34"	"73"	"13"	"6"	"9"	"4"	"9"	"4"	"8"	"8"	"2"	"10"	"7"	"9"	"12"	"16"	"9"	"12"	""
"2008-w35"	"81"	"12"	"10"	"10"	"7"	"7"	"8"	"3"	"4"	"6"	"7"	"8"	"7"	"3"	"9"	"5"	"15"	""
"2008-w36"	"88"	"10"	"5"	"5"	"9"	"6"	"7"	"6"	"10"	"7"	"8"	"5"	"9"	"10"	"13"	"12"	"18"	""
"2008-w37"	"103"	"14"	"2"	"8"	"10"	"8"	"6"	"11"	"15"	"3"	"11"	"11"	"7"	"7"	"8"	"7"	"15"	""
"2008-w38"	"110"	"13"	"6"	"8"	"14"	"8"	"6"	"4"	"9"	"4"	"10"	"5"	"6"	"11"	"11"	"11"	"12"	""
"2008-w39"	"121"	"23"	"8"	"5"	"13"	"10"	"10"	"5"	"11"	"12"	"9"	"11"	"6"	"14"	"16"	"14"	"19"	""
"2008-w40"	"127"	"12"	"6"	"9"	"6"	"4"	"6"	"10"	"4"	"7"	"12"	"7"	"6"	"15"	"14"	"16"	"14"	""
"2008-w41"	"148"	"19"	"14"	"9"	"14"	"9"	"10"	"17"	"17"	"12"	"12"	"10"	"11"	"21"	"24"	"21"	"24"	""
"2008-w42"	"183"	"20"	"20"	"4"	"11"	"16"	"8"	"11"	"10"	"7"	"10"	"12"	"13"	"22"	"30"	"13"	"25"	""
"2008-w43"	"216"	"33"	"5"	"14"	"13"	"11"	"13"	"7"	"11"	"16"	"15"	"17"	"13"	"24"	"24"	"25"	"32"	""
"2008-w44"	"220"	"24"	"16"	"10"	"14"	"15"	"19"	"10"	"15"	"22"	"17"	"16"	"16"	"20"	"14"	"22"	"29"	""
"2008-w45"	"280"	"44"	"19"	"13"	"17"	"24"	"20"	"16"	"15"	"20"	"16"	"20"	"12"	"25"	"31"	"27"	"45"	""
"2008-w46"	"351"	"38"	"21"	"22"	"25"	"17"	"15"	"15"	"15"	"27"	"20"	"24"	"23"	"34"	"43"	"35"	"50"	""
"2008-w47"	"391"	"38"	"13"	"23"	"22"	"21"	"21"	"24"	"34"	"30"	"30"	"29"	"29"	"38"	"46"	"54"	"80"	""
"2008-w48"	"440"	"63"	"19"	"20"	"36"	"30"	"15"	"28"	"34"	"32"	"30"	"44"	"32"	"57"	"48"	"56"	"93"	""
"2008-w49"	"554"	"61"	"29"	"33"	"43"	"53"	"40"	"44"	"42"	"50"	"38"	"59"	"60"	"84"	"95"	"92"	"195"	""
"2008-w50"	"631"	"77"	"44"	"27"	"36"	"46"	"47"	"39"	"66"	"55"	"64"	"77"	"54"	"102"	"111"	"106"	"210"	""
"2008-w51"	"686"	"80"	"36"	"34"	"61"	"57"	"45"	"61"	"69"	"69"	"66"	"95"	"80"	"123"	"140"	"162"	"262"	"1"
"2008-w52"	"323"	"32"	"15"	"17"	"31"	"31"	"31"	"46"	"45"	"30"	"50"	"44"	"33"	"93"	"101"	"97"	"186"	""
"2009-w01"	"313"	"28"	"22"	"26"	"28"	"27"	"26"	"23"	"27"	"33"	"41"	"49"	"52"	"89"	"110"	"117"	"221"	""
"2009-w02"	"393"	"36"	"22"	"40"	"41"	"45"	"46"	"48"	"48"	"93"	"79"	"104"	"120"	"160"	"220"	"202"	"418"	"1"
"2009-w03"	"477"	"42"	"27"	"42"	"55"	"46"	"54"	"60"	"63"	"95"	"106"	"119"	"105"	"167"	"283"	"251"	"404"	"1"
"2009-w04"	"564"	"40"	"37"	"41"	"72"	"55"	"63"	"64"	"79"	"97"	"102"	"127"	"123"	"216"	"284"	"251"	"473"	""
"2009-w05"	"566"	"67"	"27"	"39"	"47"	"52"	"61"	"61"	"78"	"87"	"108"	"121"	"123"	"183"	"268"	"267"	"482"	""
"2009-w06"	"544"	"48"	"39"	"31"	"66"	"57"	"60"	"78"	"84"	"92"	"122"	"158"	"140"	"230"	"284"	"273"	"528"	""
"2009-w07"	"536"	"56"	"26"	"51"	"81"	"52"	"49"	"52"	"89"	"106"	"93"	"130"	"122"	"183"	"267"	"257"	"437"	""
"2009-w08"	"528"	"49"	"40"	"34"	"61"	"53"	"49"	"72"	"102"	"85"	"102"	"122"	"124"	"164"	"216"	"228"	"429"	"1"
"2009-w09"	"483"	"49"	"28"	"40"	"58"	"52"	"43"	"54"	"62"	"88"	"91"	"116"	"109"	"172"	"228"	"209"	"368"	""
"2009-w10"	"494"	"64"	"22"	"34"	"54"	"66"	"50"	"63"	"72"	"79"	"100"	"111"	"96"	"164"	"188"	"186"	"339"	"1"
"2009-w11"	"463"	"65"	"28"	"23"	"54"	"56"	"44"	"60"	"57"	"81"	"67"	"94"	"90"	"128"	"160"	"161"	"270"	""
"2009-w12"	"417"	"48"	"27"	"26"	"40"	"45"	"41"	"43"	"55"	"49"	"76"	"83"	"55"	"109"	"139"	"145"	"237"	""
"2009-w13"	"346"	"31"	"20"	"34"	"33"	"32"	"32"	"39"	"46"	"57"	"60"	"69"	"71"	"92"	"135"	"118"	"236"	""
"2009-w14"	"314"	"31"	"17"	"19"	"35"	"47"	"31"	"33"	"40"	"46"	"54"	"65"	"58"	"80"	"125"	"132"	"202"	""
"2009-w15"	"227"	"37"	"10"	"13"	"31"	"18"	"21"	"21"	"30"	"29"	"33"	"39"	"42"	"57"	"83"	"82"	"155"	""
"2009-w16"	"161"	"16"	"11"	"17"	"20"	"20"	"14"	"22"	"21"	"31"	"16"	"38"	"40"	"60"	"53"	"76"	"111"	""
"2009-w17"	"146"	"26"	"18"	"15"	"25"	"24"	"23"	"17"	"29"	"30"	"32"	"33"	"27"	"38"	"51"	"49"	"83"	""
"2009-w18"	"114"	"15"	"12"	"15"	"11"	"8"	"15"	"18"	"23"	"23"	"18"	"21"	"25"	"27"	"49"	"34"	"74"	""
"2009-w19"	"137"	"27"	"9"	"19"	"17"	"26"	"15"	"20"	"22"	"20"	"23"	"30"	"19"	"43"	"63"	"49"	"93"	"1"
"2009-w20"	"131"	"26"	"8"	"6"	"17"	"17"	"11"	"13"	"26"	"16"	"34"	"25"	"24"	"25"	"38"	"34"	"45"	""
"2009-w21"	"98"	"23"	"14"	"8"	"4"	"10"	"10"	"6"	"9"	"13"	"19"	"12"	"16"	"23"	"25"	"26"	"34"	""
"2009-w22"	"85"	"20"	"9"	"7"	"8"	"14"	"12"	"11"	"19"	"19"	"17"	"10"	"9"	"24"	"14"	"33"	"26"	""
"2009-w23"	"50"	"10"	"9"	"11"	"13"	"7"	"8"	"14"	"8"	"8"	"5"	"9"	"8"	"11"	"14"	"9"	"17"	""
"2009-w24"	"74"	"12"	"5"	"2"	"10"	"8"	"7"	"7"	"8"	"7"	"13"	"7"	"6"	"13"	"19"	"13"	"20"	""
"2009-w25"	"69"	"17"	"14"	"6"	"15"	"7"	"7"	"6"	"10"	"16"	"4"	"7"	"9"	"18"	"15"	"14"	"19"	""
"2009-w26"	"65"	"19"	"5"	"3"	"13"	"11"	"9"	"10"	"12"	"14"	"2"	"10"	"7"	"12"	"13"	"6"	"20"	""
"2009-w27"	"53"	"19"	"7"	"6"	"10"	"5"	"4"	"11"	"6"	"10"	"6"	"5"	"11"	"8"	"10"	"13"	"19"	""
"2009-w28"	"56"	"14"	"9"	"9"	"8"	"8"	"6"	"7"	"13"	"8"	"6"	"6"	"4"	"6"	"8"	"5"	"10"	""
"2009-w29"	"40"	"14"	"10"	"3"	"6"	"9"	"8"	"3"	"8"	"13"	"8"	"10"	"4"	"8"	"13"	"12"	"8"	""
"2009-w30"	"37"	"6"	"1"	"2"	"4"	"5"	"10"	"5"	"7"	"5"	"6"	"2"	"3"	"7"	"14"	"7"	"9"	""
"2009-w31"	"57"	"12"	"4"	"8"	"11"	"5"	"2"	"4"	"5"	"9"	"3"	"9"	"7"	"5"	"9"	"4"	"13"	""
"2009-w32"	"46"	"10"	"7"	"7"	"7"	"1"	"5"	"8"	"10"	"10"	"5"	"3"	"3"	"2"	"9"	"6"	"11"	""
"2009-w33"	"48"	"7"	"5"	"13"	"7"	"15"	"8"	"9"	"10"	"5"	"4"	"5"	"6"	"7"	"10"	"7"	"12"	""
"2009-w34"	"53"	"13"	"12"	"8"	"12"	"13"	"5"	"10"	"10"	"7"	"3"	"11"	"6"	"10"	"10"	"13"	"17"	""
"2009-w35"	"61"	"14"	"13"	"11"	"10"	"5"	"3"	"12"	"10"	"7"	"8"	"10"	"6"	"8"	"8"	"3"	"14"	""
"2009-w36"	"75"	"17"	"10"	"8"	"5"	"9"	"6"	"16"	"8"	"9"	"11"	"17"	"6"	"14"	"12"	"6"	"11"	""
"2009-w37"	"84"	"17"	"8"	"4"	"12"	"6"	"12"	"8"	"13"	"16"	"9"	"7"	"3"	"10"	"5"	"9"	"11"	"1"
"2009-w38"	"99"	"20"	"11"	"6"	"16"	"9"	"12"	"15"	"17"	"6"	"15"	"12"	"12"	"19"	"9"	"8"	"16"	""
"2009-w39"	"95"	"17"	"10"	"9"	"9"	"7"	"15"	"10"	"9"	"7"	"4"	"13"	"10"	"10"	"7"	"9"	"9"	""
"2009-w40"	"127"	"18"	"7"	"11"	"11"	"9"	"15"	"11"	"6"	"11"	"13"	"11"	"4"	"13"	"15"	"8"	"9"	""
"2009-w41"	"134"	"12"	"15"	"6"	"12"	"16"	"13"	"7"	"10"	"9"	"12"	"11"	"13"	"10"	"11"	"14"	"21"	""
"2009-w42"	"164"	"20"	"4"	"7"	"11"	"18"	"13"	"9"	"6"	"19"	"11"	"13"	"10"	"12"	"16"	"11"	"21"	""
"2009-w43"	"211"	"27"	"13"	"11"	"16"	"10"	"20"	"13"	"12"	"18"	"13"	"19"	"12"	"17"	"22"	"16"	"29"	""
"2009-w44"	"239"	"20"	"7"	"13"	"16"	"14"	"17"	"18"	"15"	"11"	"20"	"23"	"19"	"28"	"35"	"46"	"36"	""
"2009-w45"	"249"	"25"	"20"	"16"	"16"	"24"	"17"	"23"	"18"	"26"	"20"	"28"	"19"	"40"	"51"	"40"	"59"	""
"2009-w46"	"331"	"42"	"11"	"25"	"24"	"27"	"25"	"15"	"18"	"36"	"32"	"30"	"19"	"38"	"43"	"52"	"88"	""
"2009-w47"	"318"	"34"	"22"	"12"	"24"	"23"	"20"	"23"	"27"	"41"	"36"	"48"	"34"	"43"	"66"	"50"	"95"	""
"2009-w48"	"326"	"29"	"17"	"18"	"34"	"31"	"20"	"28"	"24"	"29"	"33"	"35"	"32"	"47"	"48"	"51"	"80"	""
"2009-w49"	"336"	"31"	"26"	"22"	"17"	"18"	"25"	"27"	"28"	"30"	"32"	"30"	"27"	"42"	"60"	"45"	"95"	""
"2009-w50"	"335"	"30"	"20"	"25"	"32"	"28"	"25"	"44"	"39"	"37"	"32"	"45"	"40"	"55"	"91"	"97"	"149"	""
"2009-w51"	"405"	"43"	"24"	"24"	"28"	"53"	"40"	"32"	"49"	"47"	"57"	"74"	"59"	"96"	"101"	"97"	"176"	""
"2009-w52"	"291"	"28"	"17"	"19"	"16"	"19"	"26"	"18"	"40"	"53"	"42"	"50"	"50"	"95"	"110"	"117"	"178"	"1"
"2009-w53"	"213"	"18"	"11"	"17"	"29"	"26"	"24"	"24"	"28"	"37"	"46"	"69"	"62"	"95"	"150"	"125"	"251"	"1"
"2010-w01"	"321"	"21"	"24"	"28"	"54"	"51"	"52"	"46"	"62"	"69"	"89"	"104"	"122"	"185"	"263"	"267"	"452"	""
"2010-w02"	"452"	"49"	"40"	"56"	"77"	"72"	"61"	"62"	"88"	"134"	"140"	"181"	"168"	"235"	"383"	"361"	"623"	""
"2010-w03"	"565"	"61"	"48"	"55"	"67"	"78"	"58"	"53"	"122"	"146"	"145"	"172"	"161"	"244"	"380"	"391"	"615"	""
"2010-w04"	"647"	"82"	"55"	"49"	"86"	"78"	"86"	"80"	"115"	"154"	"155"	"186"	"175"	"276"	"384"	"404"	"628"	""
"2010-w05"	"581"	"64"	"39"	"65"	"85"	"81"	"93"	"91"	"114"	"172"	"190"	"219"	"188"	"306"	"441"	"442"	"748"	"2"
"2010-w06"	"645"	"100"	"40"	"62"	"104"	"90"	"106"	"111"	"128"	"159"	"183"	"223"	"198"	"275"	"408"	"391"	"621"	"1"
"2010-w07"	"587"	"76"	"41"	"58"	"80"	"94"	"74"	"75"	"116"	"143"	"153"	"191"	"188"	"266"	"394"	"364"	"628"	""
"2010-w08"	"585"	"89"	"42"	"60"	"85"	"76"	"92"	"97"	"112"	"161"	"186"	"187"	"188"	"275"	"395"	"377"	"682"	""
"2010-w09"	"576"	"90"	"50"	"52"	"91"	"87"	"68"	"87"	"98"	"140"	"151"	"176"	"174"	"239"	"349"	"334"	"565"	""
"2010-w10"	"507"	"79"	"40"	"60"	"76"	"70"	"60"	"79"	"96"	"127"	"127"	"130"	"145"	"190"	"310"	"324"	"494"	"2"
"2010-w11"	"506"	"66"	"61"	"48"	"84"	"77"	"76"	"70"	"102"	"121"	"126"	"162"	"130"	"226"	"304"	"317"	"510"	"1"
"2010-w12"	"431"	"84"	"49"	"51"	"72"	"63"	"62"	"71"	"76"	"107"	"134"	"137"	"135"	"210"	"272"	"252"	"410"	"2"
"2010-w13"	"272"	"48"	"30"	"35"	"53"	"33"	"34"	"44"	"52"	"78"	"68"	"78"	"73"	"121"	"180"	"182"	"274"	""
"2010-w14"	"203"	"30"	"12"	"16"	"47"	"35"	"32"	"33"	"39"	"53"	"67"	"69"	"59"	"89"	"146"	"127"	"248"	""
"2010-w15"	"200"	"29"	"23"	"26"	"41"	"45"	"45"	"44"	"36"	"57"	"51"	"78"	"65"	"114"	"147"	"143"	"226"	""
"2010-w16"	"186"	"41"	"23"	"31"	"60"	"54"	"27"	"37"	"31"	"49"	"62"	"72"	"51"	"95"	"120"	"111"	"183"	""
"2010-w17"	"195"	"33"	"24"	"32"	"52"	"35"	"21"	"23"	"43"	"57"	"55"	"58"	"47"	"88"	"137"	"128"	"207"	""
"2010-w18"	"177"	"38"	"27"	"24"	"51"	"30"	"26"	"21"	"36"	"45"	"37"	"45"	"40"	"91"	"110"	"105"	"172"	"1"
"2010-w19"	"96"	"28"	"14"	"20"	"22"	"31"	"18"	"25"	"24"	"34"	"26"	"23"	"27"	"49"	"65"	"59"	"112"	"1"
"2010-w20"	"118"	"28"	"17"	"23"	"24"	"25"	"30"	"16"	"28"	"31"	"39"	"33"	"31"	"59"	"76"	"65"	"125"	""
"2010-w21"	"77"	"19"	"20"	"21"	"18"	"14"	"10"	"17"	"16"	"14"	"22"	"40"	"19"	"35"	"53"	"52"	"97"	""
"2010-w22"	"81"	"15"	"21"	"13"	"14"	"10"	"7"	"12"	"13"	"23"	"27"	"24"	"11"	"24"	"44"	"44"	"62"	""
"2010-w23"	"96"	"14"	"15"	"9"	"18"	"15"	"8"	"20"	"19"	"21"	"15"	"22"	"27"	"31"	"34"	"42"	"63"	""
"2010-w24"	"63"	"19"	"15"	"14"	"16"	"10"	"14"	"11"	"19"	"23"	"15"	"21"	"26"	"13"	"24"	"26"	"38"	"2"
"2010-w25"	"57"	"18"	"9"	"11"	"11"	"9"	"10"	"14"	"11"	"14"	"13"	"20"	"12"	"21"	"22"	"27"	"40"	""
"2010-w26"	"68"	"17"	"13"	"8"	"17"	"15"	"9"	"10"	"10"	"25"	"16"	"24"	"11"	"17"	"27"	"20"	"29"	""
"2010-w27"	"72"	"22"	"11"	"10"	"16"	"10"	"9"	"8"	"12"	"24"	"17"	"7"	"11"	"10"	"19"	"18"	"27"	""
"2010-w28"	"66"	"12"	"13"	"5"	"16"	"8"	"9"	"5"	"13"	"16"	"15"	"12"	"12"	"14"	"19"	"14"	"18"	""
"2010-w29"	"68"	"14"	"11"	"13"	"15"	"15"	"7"	"1"	"8"	"15"	"13"	"9"	"9"	"13"	"14"	"7"	"23"	""
"2010-w30"	"44"	"17"	"12"	"8"	"11"	"15"	"13"	"8"	"8"	"15"	"10"	"17"	"14"	"7"	"20"	"18"	"18"	""
"2010-w31"	"50"	"14"	"11"	"2"	"5"	"15"	"4"	"9"	"7"	"12"	"10"	"5"	"9"	"17"	"17"	"14"	"18"	""
"2010-w32"	"58"	"12"	"12"	"6"	"6"	"16"	"6"	"6"	"10"	"7"	"8"	"12"	"11"	"12"	"13"	"10"	"15"	""
"2010-w33"	"59"	"12"	"11"	"8"	"14"	"11"	"13"	"13"	"11"	"13"	"14"	"12"	"7"	"12"	"16"	"17"	"16"	""
"2010-w34"	"48"	"15"	"9"	"9"	"10"	"14"	"10"	"7"	"10"	"9"	"11"	"7"	"6"	"5"	"8"	"7"	"13"	""
"2010-w35"	"56"	"16"	"7"	"5"	"11"	"12"	"4"	"7"	"4"	"8"	"3"	"13"	"2"	"13"	"9"	"11"	"12"	""
"2010-w36"	"59"	"11"	"8"	"6"	"7"	"12"	"4"	"4"	"7"	"6"	"9"	"7"	"5"	"7"	"12"	"11"	"14"	""
"2010-w37"	"79"	"8"	"11"	"4"	"10"	"7"	"11"	"9"	"7"	"8"	"4"	"13"	"4"	"11"	"9"	"5"	"18"	""
"2010-w38"	"85"	"12"	"9"	"9"	"9"	"8"	"9"	"9"	"4"	"4"	"14"	"7"	"7"	"3"	"5"	"6"	"13"	""
"2010-w39"	"85"	"21"	"10"	"5"	"6"	"9"	"7"	"8"	"8"	"8"	"7"	"3"	"9"	"6"	"16"	"12"	"5"	""
"2010-w40"	"78"	"15"	"15"	"11"	"5"	"10"	"10"	"10"	"6"	"6"	"11"	"7"	"7"	"7"	"13"	"6"	"13"	""
"2010-w41"	"101"	"23"	"10"	"10"	"14"	"15"	"9"	"7"	"9"	"6"	"8"	"8"	"6"	"7"	"8"	"15"	"13"	""
"2010-w42"	"104"	"18"	"9"	"11"	"10"	"12"	"13"	"4"	"11"	"6"	"8"	"10"	"10"	"13"	"13"	"13"	"22"	""
"2010-w43"	"128"	"25"	"12"	"9"	"19"	"16"	"16"	"11"	"24"	"12"	"16"	"18"	"18"	"15"	"31"	"16"	"33"	""
"2010-w44"	"160"	"28"	"25"	"16"	"8"	"14"	"10"	"16"	"12"	"18"	"16"	"13"	"21"	"24"	"26"	"25"	"38"	""
"2010-w45"	"185"	"33"	"23"	"22"	"23"	"22"	"17"	"15"	"18"	"20"	"15"	"21"	"16"	"26"	"32"	"27"	"40"	""
"2010-w46"	"239"	"55"	"23"	"15"	"18"	"20"	"19"	"21"	"19"	"21"	"15"	"12"	"13"	"21"	"26"	"24"	"46"	""
"2010-w47"	"244"	"47"	"26"	"19"	"25"	"28"	"22"	"16"	"21"	"19"	"23"	"19"	"17"	"35"	"33"	"31"	"40"	""
"2010-w48"	"225"	"42"	"25"	"25"	"23"	"17"	"27"	"25"	"21"	"13"	"30"	"25"	"15"	"27"	"50"	"37"	"78"	""
"2010-w49"	"276"	"69"	"38"	"27"	"30"	"23"	"23"	"20"	"26"	"31"	"36"	"31"	"34"	"40"	"62"	"48"	"114"	""
"2010-w50"	"253"	"69"	"34"	"25"	"36"	"32"	"31"	"41"	"23"	"36"	"41"	"39"	"41"	"43"	"73"	"84"	"99"	""
"2010-w51"	"225"	"50"	"21"	"24"	"33"	"22"	"33"	"24"	"29"	"30"	"28"	"31"	"36"	"49"	"61"	"78"	"100"	""
"2010-w52"	"144"	"28"	"13"	"16"	"28"	"29"	"26"	"27"	"23"	"30"	"30"	"29"	"35"	"51"	"83"	"73"	"149"	""
"2011-w01"	"158"	"32"	"21"	"22"	"38"	"35"	"18"	"33"	"36"	"50"	"51"	"53"	"62"	"66"	"138"	"121"	"223"	""
"2011-w02"	"250"	"39"	"28"	"39"	"51"	"37"	"34"	"44"	"50"	"53"	"60"	"78"	"69"	"86"	"144"	"128"	"233"	""
"2011-w03"	"268"	"46"	"27"	"30"	"32"	"36"	"39"	"36"	"51"	"49"	"67"	"75"	"48"	"73"	"115"	"98"	"179"	""
"2011-w04"	"332"	"68"	"31"	"27"	"37"	"35"	"37"	"25"	"45"	"45"	"46"	"59"	"60"	"58"	"96"	"118"	"166"	"1"
"2011-w05"	"314"	"65"	"22"	"31"	"46"	"50"	"42"	"37"	"48"	"57"	"69"	"71"	"64"	"69"	"113"	"123"	"209"	"1"
"2011-w06"	"313"	"59"	"33"	"25"	"46"	"45"	"46"	"46"	"50"	"44"	"74"	"73"	"62"	"98"	"161"	"125"	"262"	""
"2011-w07"	"318"	"56"	"39"	"30"	"52"	"42"	"25"	"43"	"46"	"48"	"60"	"71"	"67"	"73"	"123"	"131"	"226"	"1"
"2011-w08"	"311"	"62"	"33"	"18"	"41"	"33"	"40"	"26"	"52"	"59"	"61"	"67"	"64"	"89"	"155"	"144"	"262"	""
"2011-w09"	"341"	"57"	"35"	"34"	"46"	"36"	"42"	"33"	"42"	"55"	"72"	"62"	"95"	"139"	"183"	"176"	"296"	"1"
"2011-w10"	"345"	"52"	"38"	"27"	"50"	"48"	"46"	"42"	"50"	"83"	"80"	"90"	"90"	"125"	"195"	"203"	"321"	""
"2011-w11"	"379"	"54"	"42"	"40"	"50"	"56"	"46"	"53"	"69"	"84"	"77"	"100"	"122"	"107"	"181"	"198"	"368"	""
"2011-w12"	"350"	"71"	"44"	"30"	"54"	"50"	"46"	"55"	"58"	"60"	"80"	"91"	"94"	"117"	"163"	"193"	"310"	"2"
"2011-w13"	"375"	"54"	"28"	"36"	"54"	"43"	"33"	"39"	"62"	"69"	"75"	"88"	"90"	"102"	"176"	"156"	"275"	""
"2011-w14"	"268"	"57"	"37"	"35"	"41"	"34"	"47"	"42"	"41"	"56"	"51"	"67"	"66"	"94"	"158"	"155"	"240"	""
"2011-w15"	"265"	"34"	"32"	"15"	"30"	"35"	"35"	"26"	"33"	"35"	"43"	"63"	"49"	"74"	"94"	"114"	"170"	"2"
"2011-w16"	"160"	"43"	"18"	"21"	"27"	"25"	"32"	"24"	"33"	"38"	"38"	"50"	"50"	"68"	"100"	"97"	"179"	""
"2011-w17"	"149"	"29"	"19"	"28"	"28"	"25"	"16"	"24"	"20"	"32"	"36"	"38"	"51"	"44"	"67"	"85"	"114"	""
"2011-w18"	"189"	"27"	"21"	"24"	"27"	"29"	"20"	"25"	"28"	"38"	"33"	"53"	"47"	"39"	"69"	"82"	"133"	"1"
"2011-w19"	"165"	"36"	"21"	"31"	"29"	"22"	"26"	"20"	"16"	"28"	"26"	"29"	"28"	"33"	"64"	"65"	"87"	"3"
"2011-w20"	"159"	"37"	"30"	"12"	"24"	"22"	"28"	"20"	"17"	"32"	"39"	"41"	"42"	"30"	"50"	"62"	"91"	"1"
"2011-w21"	"197"	"44"	"36"	"30"	"48"	"34"	"34"	"26"	"29"	"41"	"40"	"46"	"51"	"49"	"72"	"71"	"102"	"1"
"2011-w22"	"175"	"36"	"44"	"33"	"40"	"53"	"34"	"35"	"49"	"62"	"52"	"57"	"33"	"37"	"70"	"55"	"105"	"1"
"2011-w23"	"177"	"35"	"41"	"26"	"56"	"52"	"49"	"41"	"47"	"51"	"37"	"45"	"40"	"47"	"61"	"52"	"83"	"2"
"2011-w24"	"109"	"19"	"24"	"25"	"24"	"37"	"32"	"31"	"21"	"30"	"26"	"31"	"21"	"23"	"38"	"25"	"48"	""
"2011-w25"	"117"	"21"	"22"	"19"	"30"	"22"	"14"	"20"	"25"	"29"	"24"	"18"	"17"	"18"	"41"	"20"	"43"	""
"2011-w26"	"94"	"20"	"14"	"16"	"21"	"28"	"24"	"16"	"21"	"13"	"19"	"25"	"21"	"20"	"27"	"19"	"35"	""
"2011-w27"	"85"	"20"	"15"	"8"	"19"	"26"	"23"	"17"	"16"	"17"	"19"	"19"	"11"	"17"	"29"	"12"	"21"	""
"2011-w28"	"84"	"22"	"12"	"15"	"18"	"24"	"13"	"11"	"16"	"14"	"21"	"22"	"21"	"20"	"26"	"29"	"37"	""
"2011-w29"	"79"	"16"	"10"	"11"	"22"	"22"	"12"	"11"	"17"	"9"	"21"	"17"	"15"	"18"	"18"	"16"	"25"	"1"
"2011-w30"	"78"	"13"	"8"	"10"	"19"	"9"	"14"	"9"	"10"	"10"	"10"	"15"	"6"	"8"	"22"	"20"	"30"	""
"2011-w31"	"63"	"16"	"10"	"12"	"15"	"7"	"12"	"15"	"9"	"12"	"10"	"15"	"8"	"14"	"15"	"8"	"32"	""
"2011-w32"	"73"	"6"	"11"	"10"	"20"	"21"	"12"	"14"	"15"	"12"	"12"	"11"	"13"	"15"	"16"	"30"	"27"	"1"
"2011-w33"	"60"	"9"	"7"	"5"	"11"	"11"	"7"	"9"	"7"	"11"	"16"	"7"	"11"	"7"	"11"	"17"	"20"	"4"
"2011-w34"	"55"	"15"	"9"	"3"	"13"	"12"	"14"	"10"	"16"	"13"	"8"	"14"	"10"	"8"	"21"	"11"	"23"	""
"2011-w35"	"70"	"12"	"11"	"12"	"11"	"16"	"18"	"10"	"5"	"13"	"11"	"21"	"10"	"5"	"21"	"11"	"17"	""
"2011-w36"	"96"	"19"	"8"	"9"	"8"	"13"	"9"	"7"	"9"	"10"	"10"	"12"	"13"	"12"	"23"	"11"	"16"	"3"
"2011-w37"	"91"	"17"	"9"	"16"	"10"	"11"	"16"	"11"	"8"	"19"	"9"	"11"	"9"	"14"	"16"	"20"	"18"	""
"2011-w38"	"107"	"18"	"12"	"13"	"12"	"18"	"19"	"21"	"10"	"21"	"19"	"16"	"14"	"13"	"18"	"21"	"23"	""
"2011-w39"	"124"	"15"	"7"	"7"	"8"	"18"	"10"	"9"	"14"	"12"	"19"	"13"	"14"	"7"	"24"	"24"	"26"	"3"
"2011-w40"	"138"	"10"	"14"	"2"	"15"	"19"	"12"	"8"	"7"	"12"	"15"	"12"	"12"	"10"	"17"	"13"	"24"	""
"2011-w41"	"159"	"12"	"9"	"11"	"15"	"28"	"17"	"15"	"13"	"22"	"11"	"13"	"15"	"15"	"18"	"21"	"43"	""
"2011-w42"	"191"	"18"	"10"	"11"	"5"	"18"	"12"	"14"	"16"	"13"	"15"	"25"	"19"	"22"	"36"	"22"	"48"	"2"
"2011-w43"	"244"	"24"	"13"	"16"	"16"	"16"	"16"	"20"	"13"	"27"	"27"	"16"	"26"	"32"	"48"	"32"	"58"	""
"2011-w44"	"211"	"18"	"9"	"10"	"21"	"26"	"17"	"18"	"19"	"31"	"33"	"30"	"27"	"18"	"50"	"42"	"66"	""
"2011-w45"	"327"	"22"	"15"	"13"	"24"	"34"	"27"	"27"	"39"	"27"	"42"	"42"	"38"	"41"	"52"	"61"	"83"	"1"
"2011-w46"	"404"	"42"	"19"	"11"	"23"	"38"	"33"	"36"	"35"	"35"	"52"	"44"	"35"	"62"	"78"	"78"	"114"	""
"2011-w47"	"455"	"37"	"24"	"27"	"29"	"34"	"49"	"46"	"32"	"52"	"57"	"58"	"56"	"65"	"97"	"87"	"167"	""
"2011-w48"	"537"	"53"	"25"	"27"	"35"	"43"	"50"	"35"	"58"	"53"	"71"	"87"	"78"	"97"	"162"	"162"	"295"	"1"
"2011-w49"	"559"	"70"	"36"	"45"	"51"	"47"	"40"	"34"	"54"	"71"	"83"	"82"	"113"	"86"	"178"	"172"	"290"	"2"
"2011-w50"	"621"	"67"	"52"	"41"	"65"	"68"	"61"	"53"	"66"	"72"	"99"	"105"	"98"	"108"	"187"	"196"	"318"	"1"
"2011-w51"	"572"	"57"	"43"	"37"	"49"	"48"	"75"	"55"	"60"	"82"	"71"	"110"	"92"	"119"	"185"	"189"	"352"	"4"
"2011-w52"	"282"	"32"	"15"	"27"	"40"	"51"	"43"	"34"	"41"	"53"	"57"	"64"	"69"	"73"	"140"	"161"	"292"	""
"2012-w01"	"291"	"55"	"34"	"20"	"44"	"61"	"44"	"37"	"48"	"73"	"62"	"82"	"84"	"74"	"143"	"167"	"314"	"1"
"2012-w02"	"390"	"33"	"31"	"33"	"45"	"48"	"43"	"45"	"58"	"78"	"72"	"97"	"96"	"95"	"198"	"175"	"339"	""
"2012-w03"	"387"	"51"	"34"	"37"	"53"	"44"	"54"	"35"	"64"	"60"	"72"	"80"	"93"	"83"	"160"	"179"	"303"	"2"
"2012-w04"	"447"	"56"	"39"	"31"	"52"	"44"	"60"	"45"	"58"	"70"	"82"	"99"	"71"	"107"	"176"	"189"	"295"	""
"2012-w05"	"431"	"57"	"32"	"38"	"48"	"43"	"48"	"43"	"62"	"64"	"76"	"92"	"90"	"108"	"213"	"190"	"346"	"2"
"2012-w06"	"412"	"57"	"33"	"47"	"62"	"52"	"40"	"36"	"58"	"79"	"75"	"118"	"104"	"121"	"240"	"241"	"398"	""
"2012-w07"	"515"	"81"	"30"	"43"	"58"	"69"	"73"	"51"	"73"	"107"	"120"	"117"	"134"	"136"	"277"	"255"	"473"	"3"
"2012-w08"	"507"	"66"	"48"	"36"	"59"	"63"	"74"	"75"	"82"	"104"	"126"	"120"	"122"	"156"	"301"	"317"	"512"	"2"
"2012-w09"	"446"	"90"	"44"	"43"	"69"	"53"	"58"	"54"	"66"	"91"	"102"	"132"	"125"	"135"	"260"	"266"	"466"	"3"
"2012-w10"	"430"	"74"	"32"	"34"	"49"	"60"	"53"	"48"	"60"	"89"	"97"	"103"	"88"	"115"	"207"	"207"	"378"	""
"2012-w11"	"415"	"67"	"25"	"34"	"35"	"38"	"50"	"38"	"46"	"64"	"81"	"93"	"83"	"116"	"185"	"178"	"316"	"2"
"2012-w12"	"300"	"48"	"24"	"26"	"38"	"37"	"48"	"38"	"46"	"65"	"64"	"65"	"72"	"80"	"141"	"144"	"275"	""
"2012-w13"	"246"	"47"	"33"	"20"	"30"	"23"	"31"	"33"	"43"	"51"	"58"	"52"	"62"	"74"	"110"	"117"	"220"	""
"2012-w14"	"192"	"24"	"23"	"19"	"21"	"27"	"26"	"28"	"28"	"43"	"47"	"47"	"64"	"63"	"103"	"110"	"197"	""
"2012-w15"	"187"	"25"	"20"	"14"	"25"	"21"	"29"	"24"	"21"	"31"	"42"	"54"	"51"	"58"	"103"	"105"	"166"	"1"
"2012-w16"	"159"	"25"	"25"	"18"	"27"	"35"	"25"	"17"	"26"	"46"	"39"	"62"	"53"	"54"	"108"	"102"	"161"	""
"2012-w17"	"167"	"39"	"29"	"12"	"20"	"32"	"23"	"30"	"30"	"39"	"42"	"41"	"49"	"42"	"87"	"90"	"134"	""
"2012-w18"	"112"	"22"	"14"	"20"	"13"	"19"	"18"	"16"	"11"	"23"	"27"	"30"	"34"	"38"	"62"	"61"	"104"	""
"2012-w19"	"114"	"26"	"17"	"14"	"14"	"16"	"19"	"16"	"31"	"32"	"22"	"30"	"33"	"30"	"61"	"58"	"81"	"2"
"2012-w20"	"95"	"19"	"12"	"8"	"8"	"14"	"11"	"12"	"15"	"9"	"16"	"20"	"22"	"19"	"31"	"30"	"56"	"1"
"2012-w21"	"89"	"21"	"12"	"10"	"9"	"12"	"11"	"11"	"17"	"13"	"26"	"17"	"16"	"22"	"46"	"24"	"66"	"1"
"2012-w22"	"63"	"17"	"9"	"6"	"14"	"12"	"14"	"15"	"11"	"8"	"10"	"13"	"12"	"11"	"33"	"29"	"41"	""
"2012-w23"	"77"	"16"	"8"	"7"	"16"	"17"	"5"	"11"	"17"	"9"	"15"	"12"	"11"	"17"	"19"	"18"	"29"	""
"2012-w24"	"69"	"17"	"13"	"17"	"10"	"5"	"12"	"4"	"16"	"12"	"11"	"24"	"14"	"18"	"25"	"30"	"38"	""
"2012-w25"	"65"	"18"	"14"	"7"	"18"	"16"	"12"	"14"	"11"	"10"	"15"	"19"	"12"	"12"	"14"	"17"	"28"	"1"
"2012-w26"	"78"	"21"	"13"	"13"	"8"	"8"	"18"	"16"	"12"	"18"	"8"	"25"	"8"	"11"	"13"	"17"	"30"	"1"
"2012-w27"	"55"	"19"	"9"	"8"	"18"	"19"	"13"	"11"	"10"	"13"	"12"	"17"	"7"	"13"	"14"	"13"	"27"	""
"2012-w28"	"81"	"14"	"12"	"5"	"7"	"14"	"16"	"4"	"13"	"11"	"15"	"15"	"11"	"10"	"20"	"17"	"16"	""
"2012-w29"	"72"	"16"	"10"	"8"	"15"	"9"	"12"	"6"	"12"	"8"	"5"	"12"	"11"	"8"	"9"	"12"	"15"	"1"
"2012-w30"	"68"	"14"	"11"	"8"	"15"	"12"	"7"	"7"	"11"	"10"	"10"	"11"	"12"	"10"	"14"	"6"	"16"	"1"
"2012-w31"	"71"	"24"	"10"	"11"	"14"	"8"	"12"	"11"	"10"	"13"	"8"	"13"	"11"	"6"	"13"	"14"	"20"	""
"2012-w32"	"63"	"16"	"11"	"9"	"7"	"13"	"12"	"9"	"8"	"19"	"6"	"7"	"9"	"8"	"14"	"12"	"18"	""
"2012-w33"	"69"	"9"	"8"	"7"	"15"	"13"	"7"	"10"	"5"	"11"	"11"	"11"	"11"	"10"	"14"	"12"	"12"	""
"2012-w34"	"64"	"26"	"17"	"13"	"13"	"13"	"10"	"8"	"14"	"13"	"9"	"11"	"7"	"8"	"13"	"16"	"16"	""
"2012-w35"	"85"	"18"	"10"	"11"	"14"	"14"	"9"	"13"	"18"	"9"	"11"	"6"	"13"	"13"	"14"	"10"	"12"	""
"2012-w36"	"109"	"19"	"9"	"10"	"23"	"17"	"21"	"13"	"14"	"20"	"11"	"18"	"12"	"11"	"16"	"18"	"18"	"1"
"2012-w37"	"130"	"27"	"13"	"11"	"16"	"20"	"13"	"6"	"17"	"10"	"16"	"10"	"11"	"7"	"19"	"18"	"23"	""
"2012-w38"	"139"	"31"	"18"	"13"	"16"	"19"	"18"	"14"	"19"	"12"	"18"	"12"	"9"	"15"	"18"	"15"	"18"	""
"2012-w39"	"192"	"39"	"20"	"14"	"23"	"16"	"19"	"12"	"26"	"18"	"24"	"13"	"18"	"9"	"18"	"24"	"31"	""
"2012-w40"	"231"	"71"	"34"	"16"	"26"	"19"	"20"	"16"	"24"	"18"	"18"	"21"	"15"	"8"	"15"	"21"	"22"	""
"2012-w41"	"273"	"57"	"36"	"26"	"15"	"26"	"34"	"23"	"28"	"20"	"24"	"21"	"18"	"27"	"31"	"29"	"40"	"2"
"2012-w42"	"315"	"42"	"34"	"12"	"24"	"36"	"36"	"21"	"28"	"21"	"20"	"26"	"22"	"11"	"30"	"24"	"48"	"2"
"2012-w43"	"304"	"41"	"29"	"13"	"29"	"29"	"33"	"28"	"28"	"29"	"18"	"28"	"36"	"18"	"21"	"20"	"49"	""
"2012-w44"	"270"	"33"	"21"	"16"	"35"	"49"	"33"	"23"	"28"	"24"	"16"	"23"	"16"	"20"	"32"	"26"	"40"	""
"2012-w45"	"369"	"46"	"35"	"21"	"23"	"27"	"43"	"21"	"28"	"32"	"31"	"35"	"26"	"27"	"37"	"34"	"60"	""
"2012-w46"	"420"	"85"	"31"	"25"	"30"	"37"	"42"	"32"	"34"	"41"	"25"	"33"	"38"	"19"	"40"	"36"	"59"	""
"2012-w47"	"476"	"64"	"32"	"25"	"41"	"36"	"50"	"30"	"40"	"36"	"40"	"33"	"21"	"40"	"43"	"60"	"68"	""
"2012-w48"	"421"	"58"	"26"	"30"	"46"	"40"	"43"	"26"	"40"	"46"	"35"	"39"	"49"	"36"	"80"	"77"	"97"	""
"2012-w49"	"438"	"65"	"42"	"29"	"33"	"37"	"40"	"47"	"43"	"34"	"39"	"57"	"44"	"36"	"73"	"73"	"111"	""
"2012-w50"	"491"	"78"	"44"	"29"	"36"	"60"	"46"	"42"	"52"	"60"	"57"	"67"	"55"	"62"	"113"	"94"	"167"	"4"
"2012-w51"	"502"	"79"	"44"	"38"	"47"	"54"	"70"	"40"	"52"	"65"	"64"	"64"	"59"	"75"	"98"	"106"	"184"	"1"
"2012-w52"	"218"	"29"	"16"	"12"	"18"	"26"	"20"	"20"	"24"	"19"	"36"	"32"	"33"	"35"	"55"	"61"	"123"	""
"2013-w01"	"191"	"29"	"16"	"31"	"29"	"31"	"26"	"20"	"30"	"47"	"42"	"43"	"58"	"56"	"81"	"86"	"180"	"2"
"2013-w02"	"286"	"34"	"24"	"33"	"56"	"40"	"39"	"28"	"39"	"57"	"49"	"73"	"64"	"56"	"113"	"120"	"201"	"2"
"2013-w03"	"343"	"38"	"32"	"29"	"38"	"39"	"30"	"33"	"39"	"49"	"41"	"49"	"47"	"46"	"87"	"90"	"157"	"2"
"2013-w04"	"373"	"51"	"29"	"25"	"37"	"46"	"51"	"28"	"39"	"44"	"51"	"49"	"59"	"60"	"114"	"108"	"184"	"1"
"2013-w05"	"379"	"43"	"32"	"31"	"33"	"44"	"56"	"38"	"39"	"60"	"59"	"72"	"69"	"76"	"141"	"125"	"220"	""
"2013-w06"	"333"	"47"	"16"	"25"	"43"	"36"	"35"	"42"	"32"	"36"	"48"	"52"	"66"	"67"	"131"	"130"	"210"	"1"
"2013-w07"	"286"	"50"	"14"	"21"	"21"	"39"	"24"	"39"	"32"	"46"	"62"	"46"	"53"	"49"	"94"	"124"	"202"	"3"
"2013-w08"	"320"	"38"	"21"	"28"	"32"	"32"	"37"	"38"	"35"	"56"	"50"	"64"	"59"	"62"	"117"	"115"	"196"	"2"
"2013-w09"	"331"	"40"	"20"	"30"	"31"	"40"	"53"	"25"	"41"	"42"	"52"	"71"	"57"	"55"	"114"	"118"	"193"	""
"2013-w10"	"323"	"47"	"27"	"24"	"31"	"37"	"26"	"39"	"53"	"59"	"51"	"80"	"70"	"75"	"107"	"127"	"240"	"1"
"2013-w11"	"272"	"32"	"26"	"25"	"30"	"27"	"28"	"33"	"26"	"39"	"59"	"58"	"62"	"54"	"112"	"120"	"209"	"3"
"2013-w12"	"343"	"54"	"27"	"22"	"19"	"44"	"45"	"24"	"36"	"54"	"56"	"56"	"66"	"64"	"116"	"111"	"237"	"2"
"2013-w13"	"236"	"36"	"8"	"24"	"26"	"27"	"30"	"20"	"23"	"36"	"50"	"40"	"61"	"52"	"109"	"112"	"169"	"1"
"2013-w14"	"242"	"33"	"20"	"13"	"28"	"29"	"28"	"23"	"28"	"47"	"40"	"72"	"54"	"76"	"114"	"142"	"235"	"1"
"2013-w15"	"290"	"30"	"35"	"29"	"34"	"40"	"39"	"28"	"34"	"46"	"54"	"70"	"74"	"63"	"114"	"132"	"245"	""
"2013-w16"	"292"	"50"	"28"	"21"	"37"	"28"	"37"	"25"	"32"	"50"	"67"	"68"	"73"	"54"	"106"	"133"	"226"	"3"
"2013-w17"	"252"	"36"	"27"	"19"	"29"	"31"	"25"	"14"	"25"	"35"	"42"	"43"	"33"	"37"	"68"	"87"	"156"	"2"
"2013-w18"	"192"	"31"	"25"	"13"	"19"	"29"	"20"	"23"	"22"	"23"	"33"	"28"	"21"	"29"	"48"	"63"	"87"	""
"2013-w19"	"149"	"25"	"19"	"9"	"15"	"22"	"19"	"19"	"12"	"23"	"23"	"18"	"21"	"31"	"41"	"41"	"87"	"1"
"2013-w20"	"128"	"32"	"12"	"6"	"21"	"19"	"24"	"8"	"17"	"13"	"30"	"29"	"33"	"29"	"50"	"58"	"62"	""
"2013-w21"	"80"	"11"	"10"	"11"	"20"	"16"	"13"	"16"	"6"	"12"	"21"	"17"	"18"	"8"	"26"	"26"	"45"	""
"2013-w22"	"90"	"16"	"12"	"10"	"14"	"10"	"18"	"10"	"10"	"11"	"23"	"18"	"12"	"17"	"22"	"26"	"42"	""
"2013-w23"	"95"	"12"	"12"	"12"	"8"	"22"	"9"	"13"	"24"	"11"	"14"	"17"	"13"	"16"	"24"	"31"	"52"	""
"2013-w24"	"89"	"15"	"12"	"14"	"16"	"16"	"13"	"9"	"19"	"16"	"17"	"14"	"9"	"12"	"19"	"28"	"27"	"1"
"2013-w25"	"81"	"17"	"13"	"11"	"15"	"15"	"13"	"11"	"13"	"14"	"11"	"14"	"12"	"13"	"22"	"21"	"23"	"1"
"2013-w26"	"82"	"18"	"6"	"12"	"14"	"16"	"14"	"9"	"8"	"12"	"15"	"14"	"12"	"12"	"15"	"16"	"22"	""
"2013-w27"	"65"	"21"	"14"	"15"	"18"	"9"	"10"	"8"	"13"	"9"	"20"	"12"	"9"	"6"	"16"	"23"	"23"	""
"2013-w28"	"64"	"29"	"15"	"9"	"12"	"16"	"13"	"14"	"7"	"19"	"12"	"13"	"10"	"9"	"10"	"10"	"22"	""
"2013-w29"	"70"	"13"	"9"	"11"	"11"	"18"	"17"	"7"	"11"	"10"	"12"	"15"	"13"	"5"	"19"	"14"	"15"	""
"2013-w30"	"68"	"20"	"8"	"12"	"18"	"14"	"13"	"17"	"13"	"14"	"11"	"13"	"10"	"8"	"18"	"14"	"28"	""
"2013-w31"	"73"	"16"	"20"	"15"	"4"	"26"	"20"	"12"	"6"	"8"	"11"	"14"	"5"	"6"	"11"	"15"	"20"	""
"2013-w32"	"65"	"23"	"17"	"10"	"12"	"15"	"13"	"9"	"10"	"9"	"14"	"8"	"8"	"9"	"17"	"16"	"6"	""
"2013-w33"	"60"	"22"	"14"	"8"	"15"	"18"	"17"	"6"	"13"	"10"	"6"	"12"	"8"	"7"	"7"	"12"	"11"	""
"2013-w34"	"65"	"17"	"15"	"6"	"13"	"17"	"15"	"15"	"7"	"12"	"13"	"14"	"6"	"6"	"11"	"7"	"17"	""
"2013-w35"	"109"	"13"	"23"	"21"	"20"	"13"	"14"	"11"	"12"	"19"	"10"	"13"	"13"	"12"	"13"	"20"	"24"	""
"2013-w36"	"121"	"14"	"18"	"8"	"17"	"14"	"19"	"17"	"14"	"14"	"17"	"12"	"8"	"6"	"12"	"18"	"27"	""
"2013-w37"	"120"	"16"	"12"	"16"	"22"	"18"	"32"	"14"	"14"	"14"	"17"	"10"	"13"	"7"	"25"	"13"	"22"	""
"2013-w38"	"140"	"22"	"11"	"7"	"13"	"17"	"16"	"15"	"8"	"8"	"19"	"12"	"15"	"9"	"16"	"14"	"23"	""
"2013-w39"	"121"	"21"	"17"	"16"	"18"	"20"	"20"	"13"	"14"	"22"	"21"	"13"	"15"	"7"	"15"	"19"	"30"	""
"2013-w40"	"141"	"17"	"11"	"15"	"22"	"15"	"17"	"7"	"14"	"14"	"7"	"10"	"11"	"8"	"16"	"8"	"19"	""
"2013-w41"	"190"	"18"	"20"	"13"	"20"	"27"	"23"	"16"	"15"	"22"	"17"	"18"	"15"	"13"	"29"	"28"	"43"	""
"2013-w42"	"216"	"37"	"25"	"16"	"21"	"17"	"23"	"17"	"18"	"19"	"29"	"19"	"21"	"18"	"20"	"26"	"43"	""
"2013-w43"	"263"	"33"	"15"	"17"	"25"	"21"	"24"	"21"	"20"	"17"	"23"	"16"	"16"	"21"	"25"	"30"	"54"	"2"
"2013-w44"	"219"	"25"	"16"	"19"	"13"	"15"	"21"	"18"	"14"	"21"	"20"	"14"	"22"	"15"	"30"	"34"	"42"	""
"2013-w45"	"278"	"33"	"24"	"19"	"20"	"18"	"23"	"20"	"18"	"17"	"23"	"36"	"17"	"23"	"39"	"33"	"59"	""
"2013-w46"	"367"	"45"	"12"	"18"	"20"	"33"	"28"	"20"	"24"	"22"	"26"	"32"	"20"	"20"	"23"	"48"	"65"	""
"2013-w47"	"422"	"52"	"20"	"26"	"25"	"43"	"34"	"23"	"24"	"29"	"20"	"24"	"41"	"21"	"40"	"34"	"79"	""
"2013-w48"	"424"	"61"	"28"	"30"	"33"	"38"	"39"	"45"	"29"	"30"	"31"	"36"	"34"	"35"	"50"	"61"	"90"	"1"
"2013-w49"	"393"	"56"	"28"	"25"	"26"	"44"	"40"	"35"	"21"	"34"	"39"	"47"	"41"	"33"	"71"	"59"	"112"	""
"2013-w50"	"498"	"62"	"31"	"24"	"37"	"29"	"39"	"36"	"34"	"34"	"37"	"45"	"44"	"38"	"80"	"92"	"140"	""
"2013-w51"	"492"	"67"	"46"	"32"	"45"	"36"	"46"	"33"	"31"	"45"	"45"	"51"	"61"	"53"	"82"	"96"	"201"	""
"2013-w52"	"171"	"19"	"10"	"7"	"15"	"14"	"20"	"15"	"16"	"21"	"29"	"25"	"34"	"23"	"56"	"65"	"119"	"1"
"2014-w01"	"180"	"30"	"16"	"21"	"32"	"37"	"29"	"32"	"16"	"15"	"31"	"42"	"48"	"48"	"83"	"100"	"172"	"3"
"2014-w02"	"214"	"24"	"16"	"19"	"39"	"32"	"30"	"39"	"36"	"46"	"50"	"51"	"57"	"53"	"102"	"132"	"222"	""
"2014-w03"	"266"	"30"	"28"	"18"	"26"	"29"	"30"	"27"	"26"	"33"	"42"	"45"	"50"	"38"	"71"	"97"	"193"	""
"2014-w04"	"321"	"39"	"25"	"26"	"36"	"34"	"38"	"32"	"30"	"25"	"40"	"51"	"57"	"50"	"94"	"103"	"214"	""
"2014-w05"	"358"	"42"	"25"	"25"	"35"	"37"	"42"	"30"	"32"	"47"	"35"	"47"	"59"	"52"	"98"	"121"	"211"	""
"2014-w06"	"318"	"62"	"23"	"25"	"34"	"37"	"43"	"31"	"34"	"51"	"56"	"50"	"69"	"55"	"135"	"169"	"246"	""
"2014-w07"	"378"	"52"	"25"	"25"	"48"	"49"	"42"	"38"	"43"	"53"	"47"	"70"	"71"	"64"	"97"	"117"	"254"	""
"2014-w08"	"353"	"46"	"33"	"28"	"31"	"36"	"41"	"27"	"24"	"48"	"55"	"67"	"67"	"69"	"98"	"120"	"241"	"1"
"2014-w09"	"283"	"32"	"20"	"16"	"31"	"42"	"42"	"27"	"37"	"31"	"47"	"45"	"51"	"45"	"98"	"110"	"229"	""
"2014-w10"	"279"	"30"	"21"	"22"	"30"	"22"	"27"	"31"	"25"	"30"	"35"	"39"	"47"	"49"	"78"	"122"	"178"	""
"2014-w11"	"309"	"47"	"27"	"24"	"32"	"35"	"44"	"31"	"24"	"46"	"37"	"42"	"45"	"48"	"104"	"116"	"169"	"1"
"2014-w12"	"288"	"56"	"27"	"28"	"34"	"34"	"34"	"35"	"26"	"47"	"51"	"38"	"48"	"30"	"84"	"108"	"173"	"3"
"2014-w13"	"268"	"45"	"35"	"28"	"20"	"21"	"32"	"24"	"22"	"33"	"35"	"34"	"45"	"36"	"62"	"69"	"143"	""
"2014-w14"	"229"	"25"	"17"	"16"	"23"	"31"	"41"	"25"	"27"	"29"	"33"	"32"	"41"	"32"	"57"	"63"	"123"	"7"
"2014-w15"	"211"	"35"	"20"	"21"	"24"	"21"	"25"	"26"	"19"	"30"	"30"	"31"	"30"	"33"	"59"	"56"	"113"	"1"
"2014-w16"	"134"	"21"	"14"	"11"	"14"	"14"	"15"	"16"	"18"	"18"	"16"	"23"	"25"	"18"	"34"	"38"	"75"	"1"
"2014-w17"	"120"	"23"	"9"	"9"	"15"	"20"	"21"	"14"	"10"	"15"	"19"	"20"	"26"	"29"	"29"	"47"	"96"	""
"2014-w18"	"83"	"14"	"5"	"10"	"15"	"14"	"15"	"5"	"9"	"16"	"15"	"16"	"17"	"6"	"19"	"20"	"45"	""
"2014-w19"	"118"	"12"	"9"	"13"	"5"	"12"	"19"	"5"	"13"	"14"	"15"	"19"	"12"	"16"	"26"	"32"	"47"	""
"2014-w20"	"106"	"18"	"16"	"7"	"7"	"20"	"5"	"14"	"9"	"18"	"17"	"13"	"13"	"8"	"16"	"21"	"31"	""
"2014-w21"	"89"	"12"	"10"	"5"	"6"	"8"	"20"	"7"	"8"	"15"	"6"	"8"	"12"	"20"	"15"	"23"	"36"	""
"2014-w22"	"55"	"15"	"6"	"5"	"6"	"5"	"11"	"7"	"8"	"8"	"5"	"7"	"7"	"6"	"14"	"14"	"19"	""
"2014-w23"	"61"	"14"	"6"	"8"	"13"	"9"	"11"	"5"	"4"	"5"	"4"	"8"	"9"	"6"	"12"	"8"	"33"	"1"
"2014-w24"	"52"	"14"	"7"	"3"	"4"	"9"	"8"	"5"	"4"	"6"	"10"	"5"	"9"	"12"	"13"	"9"	"26"	""
"2014-w25"	"58"	"6"	"10"	"7"	"11"	"10"	"12"	"7"	"4"	"13"	"5"	"9"	"8"	"3"	"11"	"9"	"7"	""
"2014-w26"	"52"	"12"	"5"	"8"	"8"	"12"	"15"	"9"	"7"	"5"	"9"	"7"	"10"	"6"	"3"	"10"	"10"	""
"2014-w27"	"62"	"16"	"15"	"5"	"1"	"13"	"11"	"7"	"7"	"9"	"7"	"9"	"7"	"12"	"14"	"16"	"15"	"1"
"2014-w28"	"62"	"17"	"11"	"4"	"6"	"7"	"8"	"5"	"4"	"9"	"7"	"8"	"7"	"5"	"3"	"20"	"20"	""
"2014-w29"	"60"	"13"	"4"	"4"	"10"	"11"	"12"	"7"	"5"	"7"	"11"	"11"	"4"	"8"	"9"	"9"	"10"	""
"2014-w30"	"32"	"16"	"8"	"4"	"11"	"13"	"10"	"9"	"1"	"12"	"8"	"6"	"5"	"8"	"7"	"2"	"5"	""
"2014-w31"	"47"	"15"	"8"	"7"	"9"	"7"	"4"	"8"	"3"	"5"	"10"	"7"	"6"	"7"	"6"	"9"	"12"	""
"2014-w32"	"42"	"8"	"12"	"8"	"10"	"8"	"10"	"9"	"8"	"7"	"4"	"10"	"8"	"4"	"5"	"9"	"10"	""
"2014-w33"	"44"	"16"	"5"	"7"	"9"	"12"	"10"	"11"	"4"	"5"	"6"	"4"	"5"	"4"	"4"	"5"	"13"	""
"2014-w34"	"69"	"15"	"9"	"7"	"11"	"10"	"12"	"6"	"6"	"10"	"5"	"6"	"5"	"4"	"5"	"13"	"17"	""
"2014-w35"	"67"	"12"	"6"	"9"	"26"	"5"	"12"	"7"	"8"	"5"	"12"	"8"	"9"	"14"	"14"	"17"	"22"	"1"
"2014-w36"	"80"	"16"	"14"	"12"	"9"	"18"	"16"	"4"	"8"	"7"	"11"	"5"	"13"	"10"	"5"	"14"	"14"	""
"2014-w37"	"99"	"12"	"11"	"18"	"18"	"14"	"17"	"15"	"9"	"13"	"14"	"17"	"10"	"9"	"8"	"12"	"15"	""
"2014-w38"	"103"	"18"	"14"	"6"	"9"	"15"	"18"	"11"	"7"	"11"	"7"	"5"	"7"	"5"	"15"	"9"	"11"	""
"2014-w39"	"80"	"15"	"11"	"9"	"9"	"19"	"16"	"10"	"4"	"9"	"10"	"6"	"6"	"5"	"10"	"3"	"16"	""
"2014-w40"	"76"	"12"	"11"	"6"	"12"	"12"	"11"	"10"	"5"	"12"	"13"	"11"	"10"	"5"	"11"	"13"	"13"	""
"2014-w41"	"122"	"18"	"5"	"6"	"14"	"13"	"21"	"15"	"10"	"10"	"10"	"13"	"9"	"16"	"13"	"13"	"24"	""
"2014-w42"	"158"	"17"	"10"	"4"	"10"	"15"	"16"	"8"	"17"	"7"	"14"	"11"	"13"	"5"	"15"	"12"	"16"	""
"2014-w43"	"149"	"11"	"7"	"11"	"17"	"19"	"16"	"8"	"12"	"16"	"17"	"15"	"14"	"8"	"15"	"11"	"14"	""
"2014-w44"	"180"	"11"	"6"	"12"	"11"	"21"	"14"	"11"	"14"	"14"	"21"	"17"	"9"	"9"	"18"	"19"	"32"	""
"2014-w45"	"264"	"18"	"18"	"16"	"14"	"15"	"23"	"16"	"18"	"17"	"27"	"13"	"17"	"10"	"26"	"24"	"39"	""
"2014-w46"	"313"	"32"	"22"	"16"	"18"	"37"	"34"	"19"	"11"	"16"	"21"	"25"	"16"	"7"	"29"	"39"	"51"	""
"2014-w47"	"375"	"42"	"19"	"17"	"27"	"29"	"27"	"19"	"30"	"27"	"39"	"30"	"24"	"19"	"24"	"35"	"86"	""
"2014-w48"	"436"	"47"	"16"	"29"	"28"	"26"	"39"	"20"	"34"	"41"	"21"	"35"	"32"	"28"	"45"	"59"	"98"	""
"2014-w49"	"490"	"50"	"31"	"23"	"36"	"44"	"40"	"33"	"31"	"40"	"51"	"54"	"57"	"33"	"52"	"73"	"109"	""
"2014-w50"	"577"	"70"	"29"	"31"	"44"	"51"	"65"	"50"	"39"	"58"	"57"	"64"	"53"	"55"	"80"	"112"	"159"	"1"
"2014-w51"	"596"	"74"	"33"	"37"	"41"	"60"	"68"	"45"	"43"	"61"	"83"	"72"	"70"	"60"	"91"	"143"	"228"	"5"
"2014-w52"	"272"	"36"	"23"	"12"	"17"	"23"	"34"	"20"	"28"	"23"	"27"	"29"	"30"	"37"	"33"	"67"	"139"	""
"2015-w01"	"219"	"21"	"11"	"12"	"24"	"29"	"29"	"24"	"24"	"23"	"30"	"47"	"44"	"39"	"63"	"83"	"168"	""
"2015-w02"	"259"	"30"	"13"	"34"	"47"	"42"	"39"	"35"	"37"	"40"	"52"	"58"	"72"	"65"	"109"	"175"	"324"	""
"2015-w03"	"401"	"41"	"30"	"27"	"33"	"38"	"38"	"35"	"42"	"54"	"59"	"69"	"64"	"65"	"109"	"148"	"277"	"1"
"2015-w04"	"474"	"62"	"33"	"32"	"45"	"38"	"55"	"43"	"41"	"50"	"69"	"77"	"75"	"73"	"118"	"151"	"254"	"7"
"2015-w05"	"418"	"55"	"26"	"33"	"46"	"46"	"53"	"40"	"51"	"67"	"79"	"86"	"80"	"86"	"125"	"190"	"365"	"1"
"2015-w06"	"447"	"41"	"23"	"43"	"50"	"55"	"62"	"37"	"51"	"58"	"87"	"80"	"94"	"63"	"116"	"162"	"297"	""
"2015-w07"	"386"	"55"	"21"	"28"	"57"	"47"	"50"	"43"	"39"	"55"	"68"	"71"	"89"	"75"	"119"	"170"	"312"	"2"
"2015-w08"	"401"	"56"	"28"	"20"	"35"	"48"	"39"	"38"	"35"	"49"	"78"	"66"	"73"	"79"	"131"	"171"	"326"	""
"2015-w09"	"367"	"55"	"29"	"33"	"39"	"34"	"34"	"44"	"48"	"47"	"66"	"80"	"79"	"82"	"118"	"186"	"304"	""
"2015-w10"	"352"	"46"	"29"	"20"	"25"	"48"	"49"	"40"	"41"	"53"	"78"	"66"	"67"	"66"	"109"	"139"	"304"	"1"
"2015-w11"	"348"	"49"	"28"	"17"	"28"	"42"	"29"	"53"	"49"	"46"	"50"	"50"	"62"	"68"	"106"	"138"	"240"	"2"
"2015-w12"	"340"	"41"	"24"	"28"	"26"	"49"	"41"	"26"	"38"	"35"	"52"	"53"	"61"	"49"	"94"	"141"	"244"	"4"
"2015-w13"	"263"	"39"	"27"	"27"	"33"	"24"	"35"	"31"	"21"	"40"	"52"	"46"	"57"	"52"	"77"	"126"	"201"	""
"2015-w14"	"234"	"41"	"15"	"13"	"24"	"33"	"29"	"25"	"30"	"35"	"39"	"36"	"41"	"50"	"70"	"112"	"192"	""
"2015-w15"	"169"	"21"	"15"	"9"	"28"	"33"	"23"	"24"	"21"	"13"	"35"	"53"	"47"	"38"	"79"	"123"	"186"	"4"
"2015-w16"	"183"	"25"	"17"	"26"	"31"	"25"	"22"	"25"	"33"	"40"	"57"	"45"	"55"	"48"	"71"	"107"	"199"	""
"2015-w17"	"189"	"29"	"26"	"22"	"23"	"29"	"27"	"32"	"21"	"43"	"39"	"50"	"44"	"46"	"75"	"99"	"175"	""
"2015-w18"	"164"	"23"	"15"	"13"	"19"	"20"	"24"	"25"	"18"	"22"	"21"	"27"	"22"	"29"	"63"	"82"	"111"	""
"2015-w19"	"160"	"30"	"24"	"10"	"24"	"16"	"22"	"28"	"18"	"29"	"32"	"39"	"41"	"32"	"52"	"66"	"147"	"2"
"2015-w20"	"104"	"24"	"15"	"12"	"10"	"7"	"14"	"9"	"15"	"21"	"19"	"14"	"18"	"14"	"34"	"48"	"50"	""
"2015-w21"	"95"	"15"	"15"	"10"	"17"	"15"	"15"	"16"	"11"	"11"	"32"	"18"	"28"	"20"	"25"	"38"	"64"	""
"2015-w22"	"75"	"18"	"10"	"8"	"6"	"15"	"19"	"11"	"11"	"12"	"20"	"20"	"12"	"15"	"23"	"40"	"55"	""
"2015-w23"	"71"	"22"	"10"	"6"	"15"	"15"	"17"	"10"	"11"	"16"	"11"	"15"	"19"	"19"	"22"	"24"	"42"	""
"2015-w24"	"72"	"19"	"12"	"14"	"10"	"17"	"13"	"17"	"11"	"14"	"24"	"17"	"11"	"13"	"18"	"16"	"47"	""
"2015-w25"	"95"	"30"	"15"	"6"	"19"	"17"	"13"	"8"	"12"	"18"	"7"	"13"	"16"	"16"	"21"	"21"	"30"	"2"
"2015-w26"	"87"	"20"	"15"	"14"	"14"	"22"	"9"	"6"	"16"	"16"	"10"	"25"	"13"	"15"	"20"	"21"	"36"	""
"2015-w27"	"70"	"21"	"15"	"5"	"7"	"16"	"11"	"8"	"6"	"11"	"14"	"12"	"14"	"10"	"16"	"21"	"31"	""
"2015-w28"	"83"	"21"	"20"	"14"	"13"	"6"	"16"	"16"	"4"	"4"	"14"	"15"	"16"	"16"	"13"	"14"	"23"	""
"2015-w29"	"83"	"24"	"13"	"12"	"13"	"17"	"19"	"5"	"9"	"12"	"11"	"18"	"15"	"6"	"10"	"8"	"18"	""
"2015-w30"	"74"	"23"	"14"	"12"	"10"	"19"	"24"	"12"	"9"	"9"	"15"	"9"	"12"	"9"	"13"	"9"	"12"	""
"2015-w31"	"53"	"13"	"10"	"9"	"9"	"18"	"25"	"8"	"6"	"9"	"14"	"6"	"10"	"10"	"5"	"16"	"21"	""
"2015-w32"	"64"	"14"	"11"	"11"	"7"	"15"	"14"	"13"	"3"	"9"	"11"	"9"	"12"	"2"	"4"	"17"	"18"	""
"2015-w33"	"60"	"20"	"24"	"19"	"13"	"12"	"13"	"10"	"6"	"13"	"9"	"8"	"13"	"12"	"10"	"12"	"15"	"1"
"2015-w34"	"62"	"26"	"10"	"9"	"14"	"16"	"18"	"10"	"11"	"8"	"7"	"11"	"7"	"12"	"12"	"6"	"18"	""
"2015-w35"	"63"	"14"	"9"	"14"	"14"	"13"	"19"	"9"	"15"	"14"	"16"	"12"	"13"	"8"	"10"	"15"	"16"	""
"2015-w36"	"66"	"13"	"11"	"9"	"13"	"21"	"16"	"20"	"15"	"15"	"12"	"13"	"13"	"12"	"10"	"18"	"25"	""
"2015-w37"	"105"	"20"	"12"	"10"	"15"	"14"	"20"	"14"	"8"	"6"	"9"	"12"	"12"	"12"	"11"	"11"	"25"	"1"
"2015-w38"	"122"	"14"	"12"	"12"	"10"	"15"	"19"	"7"	"17"	"11"	"22"	"11"	"12"	"14"	"17"	"13"	"30"	"1"
"2015-w39"	"122"	"17"	"13"	"13"	"14"	"25"	"21"	"14"	"10"	"13"	"19"	"15"	"10"	"13"	"5"	"19"	"25"	"1"
"2015-w40"	"117"	"12"	"15"	"16"	"10"	"13"	"19"	"18"	"13"	"20"	"13"	"15"	"14"	"11"	"18"	"12"	"31"	""
"2015-w41"	"141"	"20"	"10"	"3"	"15"	"15"	"20"	"12"	"10"	"5"	"18"	"14"	"19"	"8"	"15"	"18"	"32"	""
"2015-w42"	"151"	"25"	"7"	"11"	"13"	"33"	"19"	"14"	"10"	"6"	"14"	"14"	"7"	"12"	"14"	"23"	"27"	""
